 ,,,,,,,,,,,,,,,,,,,,,,,,,,,,,,,,
,,,,,,,,,,,,,,,,,,,,,,,,,,,,,,,,
,,(!!!) ALL SPEED STATS IN THIS SECTION ARE ASSUMING YOU'RE LEVEL 100,,,,,,,,,,,,,,,,,,,,,,,,,,,,,,
,,,,,,,,,,,,,,,,,,,,,,,,,,,,,,,,
,,,,,,,,,,,,,,,,,,,,,,,,,,,,,,,,
,,"OAK'S LAB
PROFESSOR
OAK",,Tauros,,,,,Exeggutor,,,,,Charizard-MegaX,,,,,Gyarados,,,,,Mew,,,,,Jolteon,,,
,,,,Highest Lv,,,,,Highest Lv,,,,,Highest Lv,,,,,Highest Lv,,,,,Highest Lv,,,,,Highest Lv,,,
,,,,,,,,,,,,,,,,,,,,,,,,,,,,,,,,
,,,,,,,,,,,,,,,,,,,,,,,,,,,,,,,,
,,,,Jolly,,,,,Modest,,,,,Jolly,,,,,Jolly,,,,,Timid,,,,,Timid,,,
,,,,Sheer Force,,,,,Harvest,,,,,"Blaze
Tough Claws",,,,,Moxie,,,,,Synchronize,,,,,Volt Absorb,,,
,,,,Life Orb,,,,,Sitrus Berry,,,,,Charizardite X,,,,,Water Gem,,,,,Fighting Gem,,,,,Eevium Z,,,
,,,,Head Charge,,,,,Chloroblast,,,,,Dragon Dance,,,,,Dragon Dance,,,,,Nasty Plot,,,,,Last Resort,,,
,,,,Close Combat,,,,,Sleep Powder,,,,,Flare Blitz,,,,,Waterfall,,,,,Psyshock,,,,,Thunderbolt,,,
,,,,Throat Chop,,,,,Psyshock,,,,,Dragon Claw,,,,,Earthquake,,,,,Aura Sphere,,,,,Shadow Ball,,,
,,,,Iron Head,,,,,Earth Power,,,,,Earthquake,,,,,Power Whip,,,,,Dark Hole,,,,,HP Ice,,,
,,,,,,,,,,,,,,,,,,,,,,,,,,,,,,,,
,,,,BASE STATS,,,EVs,,BASE STATS,,,EVs,,BASE STATS,,,EVs,,BASE STATS,,,EVs,,BASE STATS,,,EVs,,BASE STATS,,,EVs
,,,,HP,75,,,,HP,95,,252,,HP,78,,,,HP,95,,,,HP,100,,,,HP,65,,
,,,,ATK,100,,252,,ATK,95,,,,ATK,130,,252,,ATK,125,,252,,ATK,100,,,,ATK,65,,
,,,,DEF,95,,4,,DEF,85,,4,,DEF,111,,,,DEF,79,,,,DEF,100,,,,DEF,60,,
,,,,SPA,70,,,,SPA,125,,252,,SPA,130,,,,SPA,60,,,,SPA,100,,252,,SPA,110,,252
,,,,SPD,70,,,,SPD,75,,,,SPD,85,,,,SPD,100,,,,SPD,100,,4,,SPD,95,,4
,,,,SPE,110,,252,,SPE,55,,,,SPE,100,,252,,SPE,81,,252,,SPE,100,,252,,SPE,130,,252
,,,,SPEED STAT:,,,350,,SPEED STAT:,,,146,,SPEED STAT:,,,328,,SPEED STAT:,,,287,,SPEED STAT:,,,328,,SPEED STAT:,,,394
,,,,,,,,,,,,,,,,,,,,,,,,,,,,,EVOBOOST:,,,788
,,,,,,,,,,,,,,,,,,,,,,,,,,,,,,,,
,,,,(!) BACK TO BACK,,,,,,,,,,,,,,,,,,,,,,,,,,,,
,,,,,,,,,,,,,,,,,,,,,,,,,,,,,,,,
,,,,,,,,,,,,,,,,,,,,,,,,,,,,,,,,
,,,,,,,,,,,,,,,,,,,,,,,,,,,,,,,,
,,"OAK'S LAB
PROFESSOR
OAK",,Pidgeot-Mega,,,,,Blastoise-Mega,,,,,Flareon,,,,,Zapdos,,,,,Machamp,,,,,Nidoking,,,
,,,,Highest Lv,,,,,Highest Lv,,,,,Highest Lv,,,,,Highest Lv,,,,,Highest Lv,,,,,Highest Lv,,,
,,,,,,,,,,,,,,,,,,,,,,,,,,,,,,,,
,,,,,,,,,,,,,,,,,,,,,,,,,,,,,,,,
,,,,Timid,,,,,Timid,,,,,Jolly,,,,,Hasty,,,,,Adamant,,,,,Timid,,,
,,,,"Frisk
No Guard",,,,,"Torrent
Mega Launcher",,,,,Toxic Boost,,,,,Pressure,,,,,No Guard,,,,,Sheer Force,,,
,,,,Pidgeotite,,,,,Blastoisinite,,,,,Eevium Z,,,,,Flying Gem,,,,,Assault Vest,,,,,Life Orb,,,
,,,,Hurricane,,,,,Shell Smash,,,,,Sacred Fire,,,,,Bolt Beak,,,,,Dynamic Punch,,,,,Sludge Wave,,,
,,,,Heat Wave,,,,,Water Pulse,,,,,Last Resort,,,,,Brave Bird,,,,,Mach Punch,,,,,Earth Power,,,
,,,,Focus Blast,,,,,Dark Pulse,,,,,Wild Charge,,,,,U-Turn,,,,,Stone Edge,,,,,Flamethrower,,,
,,,,U-Turn,,,,,Aura Sphere,,,,,Superpower,,,,,HP Grass,,,,,Knock Off,,,,,Ice Beam,,,
,,,,,,,,,,,,,,,,,,,,,,,,,,,,,,,,
,,,,BASE STATS,,,EVs,,BASE STATS,,,EVs,,BASE STATS,,,EVs,,BASE STATS,,,EVs,,BASE STATS,,,EVs,,BASE STATS,,,EVs
,,,,HP,83,,,,HP,79,,,,HP,65,,,,HP,90,,,,HP,90,,252,,HP,81,,
,,,,ATK,80,,,,ATK,103,,,,ATK,130,,252,,ATK,90,,252,,ATK,130,,252,,ATK,102,,
,,,,DEF,80,,4,,DEF,120,,4,,DEF,70,,,,DEF,85,,,,DEF,80,,,,DEF,77,,
,,,,SPA,135,,252,,SPA,135,,252,,SPA,65,,,,SPA,125,,4,,SPA,65,,,,SPA,85,,252
,,,,SPD,80,,,,SPD,115,,,,SPD,100,,,,SPD,90,,,,SPD,85,,4,,SPD,75,,4
,,,,SPE,121,,252,,SPE,78,,252,,SPE,95,,252,,SPE,100,,252,,SPE,55,,,,SPE,85,,252
,,,,SPEED STAT:,,,375,,SPEED STAT:,,,280,,SPEED STAT:,,,317,,SPEED STAT:,,,328,,SPEED STAT:,,,146,,SPEED STAT:,,,295
,,,,,,,,,,,,,,EVOBOOST:,,,634,,,,,,,,,,,,,,,
,,,,,,,,,,,,,,,,,,,,,,,,,,,,,,,,
,,,,,,,,,,,,,,,,,,,,,,,,,,,,,,,,
,,,,BATTLE EFFECT: UNABLE TO USE FAIRY TYPES,,,,,,,,,,,,,,,,,,,,,,,,,,,,
,,,,,,,,,,,,,,,,,,,,,,,,,,,,,,,,
,,"GYM LEADER
CLAIR",,Dragapult,,,,,Dialga-Primal,,,,,Dragonite,,,,,Flapple-Mega,,,,,Kyurem-B,,,,,Genesect,,,
,,,,Highest Lv,,,,,Highest Lv,,,,,Highest Lv,,,,,Highest Lv,,,,,Highest Lv,,,,,Highest Lv,,,
,,,,,,,,,,,,,,,,,,,,,,,,,,,,,,,,
,,,,,,,,,,,,,,,,,,,,,,,,,,,,,,,,
,,,,Hasty,,,,,Modest,,,,,Lonely,,,,,Naive,,,,,Jolly,,,,,Hasty,,,
,,,,Clear Body,,,,,Primal Armor,,,,,Multiscale,,,,,"Ripen
Dragon's Maw",,,,,Teravolt,,,,,Download,,,
,,,,Focus Sash,,,,,Adamant Orb,,,,,Weakness Pol.,,,,,Applite,,,,,Lum Berry,,,,,Life Orb,,,
,,,,Dragon Darts,,,,,Roar Of Time,,,,,Dual Wingbeat,,,,,Dragon Energy,,,,,Dragon Dance,,,,,U-Turn,,,
,,,,Spirit Shackle,,,,,Flamethrower,,,,,Fire Blast,,,,,Energy Ball,,,,,Dragon Hamm.,,,,,Extreme Speed,,,
,,,,U-Turn,,,,,Flash Cannon,,,,,Dragon Hamm.,,,,,Sucker Punch,,,,,Fusion Bolt,,,,,Ice Beam,,,
,,,,Draco Meteor,,,,,Thunderbolt,,,,,Dragon Dance,,,,,U-Turn,,,,,Ice Hammer,,,,,Flamethrower,,,
,,,,,,,,,,,,,,,,,,,,,,,,,,,,,,,,
,,,,BASE STATS,,,EVs,,BASE STATS,,,EVs,,BASE STATS,,,EVs,,BASE STATS,,,EVs,,BASE STATS,,,EVs,,BASE STATS,,,EVs
,,,,HP,88,,,,HP,100,,252,,HP,91,,,,HP,70,,,,HP,125,,,,HP,71,,
,,,,ATK,120,,252,,ATK,120,,,,ATK,134,,252,,ATK,145,,4,,ATK,170,,252,,ATK,120,,128
,,,,DEF,75,,,,DEF,150,,,,DEF,95,,,,DEF,90,,,,DEF,100,,,,DEF,95,,
,,,,SPA,100,,4,,SPA,185,,252,,SPA,100,,,,SPA,135,,252,,SPA,120,,,,SPA,120,,128
,,,,SPD,75,,,,SPD,130,,4,,SPD,100,,4,,SPD,70,,,,SPD,90,,4,,SPD,95,,4
,,,,SPE,142,,252,,SPE,90,,,,SPE,80,,252,,SPE,105,,252,,SPE,95,,252,,SPE,99,,252
,,,,SPEED STAT:,,,421,,SPEED STAT:,,,216,,SPEED STAT:,,,259,,SPEED STAT:,,,339,,SPEED STAT:,,,317,,SPEED STAT:,,,326
,,,,,,,,,,,,,,,,,,,,,,,,,,,,,,,,
,,,,,,,,,,,,,,,,,,,,,,,,,,,,,,,,
,,,,BATTLE EFFECT: DOUBLES,,,,,,,,,,,,,,,,,,,,,,,,,,,,
,,,,,,,,,,,,,,,,,,,,,,,,,,,,,,,,
,,"GYM LEADER
MISTY",,Pikachu-Flying,,,,,Kyogre,,,,,Goodra-H,,,,,Kingdra,,,,,Drednaw-Mega,,,,,Floatzel,,,
,,,,Highest Lv,,,,,Highest Lv,,,,,Highest Lv,,,,,Highest Lv,,,,,Highest Lv,,,,,Highest Lv,,,
,,,,,,,,,,,,,,,,,,,,,,,,,,,,,,,,
,,,,,,,,,,,,,,,,,,,,,,,,,,,,,,,,
,,,,Timid,,,,,Timid,,,,,Bold,,,,,Timid,,,,,Jolly,,,,,Jolly,,,
,,,,Lightning Rod,,,,,Drizzle,,,,,Gooey,,,,,Swift Swim,,,,,"Shell Armor
Strong Jaw",,,,,Technician,,,
,,,,Light Ball,,,,,Damp Rock,,,,,Assault Vest,,,,,Waterium Z,,,,,Drednawite,,,,,Focus Sash,,,
,,,,Thunder,,,,,Ice Beam,,,,,Draco Barrage,,,,,Draco Barrage,,,,,Jaw Lock,,,,,Surg. Strikes,,,
,,,,Hurricane,,,,,Water Spout,,,,,Flash Cannon,,,,,Hydro Pump,,,,,Aqua Fang,,,,,Fake Out,,,
,,,,Electroweb,,,,,Origin Pulse,,,,,Thunder,,,,,Muddy Water,,,,,Crunch,,,,,Flip Turn,,,
,,,,Fake Out,,,,,Thunder,,,,,Muddy Water,,,,,Hurricane,,,,,Shell Smash,,,,,Pursuit,,,
,,,,,,,,,,,,,,,,,,,,,,,,,,,,,,,,
,,,,BASE STATS,,,EVs,,BASE STATS,,,EVs,,BASE STATS,,,EVs,,BASE STATS,,,EVs,,BASE STATS,,,EVs,,BASE STATS,,,EVs
,,,,HP,35,,,,HP,100,,,,HP,80,,252,,HP,75,,,,HP,90,,,,HP,85,,
,,,,ATK,55,,,,ATK,100,,,,ATK,100,,,,ATK,95,,,,ATK,155,,252,,ATK,90,,252
,,,,DEF,40,,4,,DEF,90,,4,,DEF,100,,252,,DEF,95,,4,,DEF,125,,4,,DEF,55,,4
,,,,SPA,50,,252,,SPA,150,,252,,SPA,110,,4,,SPA,95,,252,,SPA,48,,,,SPA,95,,
,,,,SPD,50,,,,SPD,140,,,,SPD,150,,,,SPD,95,,,,SPD,98,,,,SPD,50,,
,,,,SPE,90,,252,,SPE,90,,252,,SPE,60,,,,SPE,85,,252,,SPE,85,,252,,SPE,115,,252
,,,,SPEED STAT:,,,306,,SPEED STAT:,,,306,,SPEED STAT:,,,156,,SPEED STAT:,,,295,,SPEED STAT:,,,295,,SPEED STAT:,,,361
,,,,,,,,,,,,,,,,,,,SWIFT SWIM:,,,590,,,,,,,,,,
,,,,,,,,,,,,,,,,,,,,,,,,,,,,,,,,
,,,,,,,,,,,,,,,,,,,,,,,,,,,,,,,,
,,,,,,,,,,,,,,,,,,,,,,,,,,,,,,,,
,,"ROCK TUNNEL
LEADER
FALKNER",,Pidgeot-Mega,,,,,Yanmega,,,,,Shaymin-S,,,,,Enamorus-I,,,,,Ho-Oh,,,,,Gyarados,,,
,,,,Highest Lv,,,,,Highest Lv,,,,,Highest Lv,,,,,Highest Lv,,,,,Highest Lv,,,,,Highest Lv,,,
,,,,,,,,,,,,,,,,,,,,,,,,,,,,,,,,
,,,,,,,,,,,,,,,,,,,,,,,,,,,,,,,,
,,,,Timid,,,,,Timid,,,,,Timid,,,,,Jolly,,,,,Jolly,,,,,Jolly,,,
,,,,"Frisk
No Guard",,,,,Tinted Lens,,,,,Serene Grace,,,,,Contrary,,,,,Phoenix Down,,,,,Moxie,,,
,,,,Pidgeotite,,,,,Choice Specs,,,,,Focus Sash,,,,,Flying Gem,,,,,Lum Berry,,,,,Flyinium Z,,,
,,,,Hurricane,,,,,Bug Buzz,,,,,Seed Flare,,,,,Superpower,,,,,Brave Bird,,,,,Dragon Dance,,,
,,,,Heat Wave,,,,,Air Slash,,,,,Air Slash,,,,,Acrobatics,,,,,Sacred Fire,,,,,Waterfall,,,
,,,,Focus Blast,,,,,Giga Drain,,,,,Earth Power,,,,,Play Rough,,,,,Earthquake,,,,,Earthquake,,,
,,,,U-Turn,,,,,U-Turn,,,,,HP Ice,,,,,Knock Off,,,,,Roost,,,,,Bounce,,,
,,,,,,,,,,,,,,,,,,,,,,,,,,,,,,,,
,,,,BASE STATS,,,EVs,,BASE STATS,,,EVs,,BASE STATS,,,EVs,,BASE STATS,,,EVs,,BASE STATS,,,EVs,,BASE STATS,,,EVs
,,,,HP,83,,,,HP,86,,,,HP,100,,,,HP,74,,,,HP,106,,,,HP,95,,
,,,,ATK,80,,,,ATK,76,,,,ATK,103,,,,ATK,115,,,,ATK,130,,,,ATK,125,,
,,,,DEF,80,,,,DEF,86,,,,DEF,75,,,,DEF,70,,,,DEF,90,,,,DEF,79,,
,,,,SPA,135,,,,SPA,116,,,,SPA,120,,,,SPA,135,,,,SPA,110,,,,SPA,60,,
,,,,SPD,80,,,,SPD,56,,,,SPD,75,,,,SPD,80,,,,SPD,154,,,,SPD,100,,
,,,,SPE,121,,,,SPE,95,,,,SPE,127,,,,SPE,106,,,,SPE,90,,,,SPE,81,,
,,,,SPEED STAT:,,,305,,SPEED STAT:,,,248,,SPEED STAT:,,,319,,SPEED STAT:,,,272,,SPEED STAT:,,,237,,SPEED STAT:,,,217
,,,,,,,,,,,,,,,,,,,,,,,,,,,,,,,,
,,,,,,,,,,,,,,,,,,,,,,,,,,,,,,,,
,,,,BATTLE EFFECT: DOUBLES + GRENINJA IS PRE-TRANSFORMED,,,,,,,,,,,,,,,,,,,,,,,,,,,,
,,,,,,,,,,,,,,,,,,,,,,,,,,,,,,,,
,,"SAFFRON CITY
DUMASS
GIAN",,Magearna-O,,,,,Swampert-Mega,,,,,Necrozma-DM,,,,,Greninja-Ash,,,,,Palkia-O,,,,,Shaymin-S,,,
,,,,Highest Lv,,,,,Highest Lv,,,,,Highest Lv,,,,,Highest Lv,,,,,Highest Lv,,,,,Highest Lv,,,
,,,,,,,,,,,,,,,,,,,,,,,,,,,,,,,,
,,,,,,,,,,,,,,,,,,,,,,,,,,,,,,,,
,,,,Calm,,,,,Jolly,,,,,Adamant,,,,,Timid,,,,,Timid,,,,,Timid,,,
,,,,Soul-Heart,,,,,"Damp
Swift Swim",,,,,Prism Armor,,,,,Battle Bond,,,,,Pressure,,,,,Serene Grace,,,
,,,,Sitrus Berry,,,,,Swampertite,,,,,Solganium Z,,,,,Life Orb,,,,,Lustrous Orb,,,,,Choice Specs,,,
,,,,Helping Hand,,,,,High Horsep.,,,,,Sunsteel Strike,,,,,Water Shurik.,,,,,Hydro Pump,,,,,Seed Flare,,,
,,,,Moonblast,,,,,Ice Punch,,,,,Dragon Dance,,,,,Dark Pulse,,,,,Spacial Rend,,,,,Hurricane,,,
,,,,Flash Cannon,,,,,Waterfall,,,,,Stone Edge,,,,,Ice Beam,,,,,Thunder,,,,,Earth Power,,,
,,,,Protect,,,,,Flip Turn,,,,,Psychic Fangs,,,,,Hydro Pump,,,,,Aura Sphere,,,,,HP Dragon,,,
,,,,,,,,,,,,,,,,,,,,,,,,,,,,,,,,
,,,,BASE STATS,,,EVs,,BASE STATS,,,EVs,,BASE STATS,,,EVs,,BASE STATS,,,EVs,,BASE STATS,,,EVs,,BASE STATS,,,EVs
,,,,HP,80,,252,,HP,100,,,,HP,97,,,,HP,72,,,,HP,90,,,,HP,100,,
,,,,ATK,95,,,,ATK,150,,252,,ATK,157,,252,,ATK,145,,,,ATK,100,,,,ATK,103,,
,,,,DEF,115,,,,DEF,110,,4,,DEF,127,,4,,DEF,67,,4,,DEF,100,,4,,DEF,75,,4
,,,,SPA,130,,252,,SPA,95,,,,SPA,113,,,,SPA,153,,252,,SPA,150,,252,,SPA,120,,252
,,,,SPD,115,,,,SPD,110,,,,SPD,109,,,,SPD,71,,,,SPD,120,,,,SPD,75,,
,,,,SPE,65,,4,,SPE,70,,252,,SPE,77,,252,,SPE,132,,252,,SPE,120,,252,,SPE,127,,252
,,,,SPEED STAT:,,,167,,SPEED STAT:,,,262,,SPEED STAT:,,,253,,SPEED STAT:,,,399,,SPEED STAT:,,,372,,SPEED STAT:,,,388
,,,,,,,,,SWIFT SWIM:,,,524,,,,,,,,,,,,,,,,,,,,
,,,,,,,,,,,,,,,,,,,,,,,,,,,,,,,,
,,,,,,,,,,,,,,,,,,,,,,,,,,,,,,,,
,,,,"BATTLE EFFECT: DOUBLES + PLAYER'S FIRST 3 SLOTS GET FROSTBITE + KYUREM BECOMES KYUREM-WHITE 
AFTER FIRST FAINT & EARTH POWER BECOMES FUSION FLARE",,,,,,,,,,,,,,,,,,,,,,,,,,,,
,,,,,,,,,,,,,,,,,,,,,,,,,,,,,,,,
,,"SEAFOAM ISL.
SECRET ROOM
LEADER
PRYCE",,Abomasnow-Mega,,,,,Calyrex-I,,,,,Kyurem-W,,,,,Wishiwashi-S-Sch,,,,,Donphan,,,,,Heracross-Mega,,,
,,,,Highest Lv,,,,,Highest Lv,,,,,Highest Lv,,,,,Highest Lv,,,,,Highest Lv,,,,,Highest Lv,,,
,,,,,,,,,,,,,,,,,,,,,,,,,,,,,,,,
,,,,,,,,,,,,,,,,,,,,,,,,,,,,,,,,
,,,,Quiet,,,,,Brave,,,,,Quiet,,,,,Quiet,,,,,Brave,,,,,Brave,,,
,,,,"Soundproof
Snow Warning",,,,,As One,,,,,"Pressure
Turboblaze",,,,,Schooling,,,,,Technician,,,,,"Moxie
Skill Link",,,
,,,,Abomasnite,,,,,Mental Herb,,,,,Icium Z,,,,,Sitrus Berry,,,,,Lum Berry,,,,,Heracronite,,,
,,,,Earth Power,,,,,Trick Room,,,,,Blizzard,,,,,Draco Barrage,,,,,Ice Shard,,,,,Arm Thrust,,,
,,,,Blizzard,,,,,Glacial Lance,,,,,Draco Barrage,,,,,Shadow Ball,,,,,Rock Tomb,,,,,Bullet Seed,,,
,,,,Wood Hammer,,,,,Zen Headbutt,,,,,Earth Power,,,,,Thunderbolt,,,,,Bonemerang,,,,,Pin Missile,,,
,,,,HP Ice,,,,,High Horsep.,,,,,Freeze-Dry,,,,,Trick Room,,,,,Knock Off,,,,,Rock Blast,,,
,,,,,,,,,,,,,,,,,,,,,,,,,,,,,,,,
,,,,BASE STATS,,,EVs,,BASE STATS,,,EVs,,BASE STATS,,,EVs,,BASE STATS,,,EVs,,BASE STATS,,,EVs,,BASE STATS,,,EVs
,,,,HP,90,,248,,HP,100,,248,,HP,125,,248,,HP,55,,252,,HP,90,,252,,HP,80,,252
,,,,ATK,132,,8,,ATK,165,,252,,ATK,120,,,,ATK,140,,,,ATK,120,,252,,ATK,185,,252
,,,,DEF,105,,,,DEF,150,,8,,DEF,90,,8,,DEF,130,,,,DEF,120,,4,,DEF,115,,4
,,,,SPA,132,,252,,SPA,85,,,,SPA,170,,252,,SPA,140,,252,,SPA,60,,,,SPA,40,,
,,,,SPD,105,,,,SPD,130,,,,SPD,100,,,,SPD,135,,,,SPD,60,,,,SPD,105,,
,,,,SPE,60,,,,SPE,50,,,,SPE,95,,,,SPE,25,,,,SPE,50,,,,SPE,75,,
,,,,SPEED STAT:,,,112,,SPEED STAT:,,,94,,SPEED STAT:,,,175,,SPEED STAT:,,,67,,SPEED STAT:,,,94,,SPEED STAT:,,,139
,,,,,,,,,,,,,,,,,,,SMALL FORM:,,,49,,,,,,,,,,
,,,,,,,,,,,,,,,,,,,,,,,,,,,,,,,,
,,,,,,,,,,,,,,,,,,,,,,,,,,,,,,,,
,,,,BATTLE EFFECT: DOUBLES,,,,,,,,,,,,,,,,,,,,,,,,,,,,
,,,,,,,,,,,,,,,,,,,,,,,,,,,,,,,,
,,"PKMN TOWER
GAUNTLET 1
TESTER
RUNAN",,Krookodile,,,,,Enamorus-I,,,,,Salamence-Mega,,,,,Aegislash,,,,,Victini,,,,,Keldeo,,,
,,,,Highest Lv,,,,,Highest Lv,,,,,Highest Lv,,,,,Highest Lv,,,,,Highest Lv,,,,,Highest Lv,,,
,,,,,,,,,,,,,,,,,,,,,,,,,,,,,,,,
,,,,,,,,,,,,,,,,,,,,,,,,,,,,,,,,
,,,,Jolly,,,,,Hasty,,,,,Naive,,,,,Quiet,,,,,Hasty,,,,,Timid,,,
,,,,Intimidate,,,,,Contrary,,,,,"Intimidate
Aerilate",,,,,Stance Change,,,,,Victory Star,,,,,Sharpness,,,
,,,,Assault Vest,,,,,Focus Sash,,,,,Salamencite,,,,,Ghostium Z,,,,,White Herb,,,,,Water Gem,,,
,,,,High Horsep.,,,,,Fleur Cannon,,,,,Double-Edge,,,,,King's Shield,,,,,V-Create,,,,,Hydro Pump,,,
,,,,Stone Edge,,,,,Psychic,,,,,Dragon Rush,,,,,Shadow Ball,,,,,Bolt Strike,,,,,Sacred Sword,,,
,,,,Close Combat,,,,,Superpower,,,,,Hyper Voice,,,,,Flash Cannon,,,,,Glaciate,,,,,Icy Wind,,,
,,,,Wicked Blow,,,,,Mystical Fire,,,,,Fire Blast,,,,,Sacred Sword,,,,,Zen Headbutt,,,,,Protect,,,
,,,,,,,,,,,,,,,,,,,,,,,,,,,,,,,,
,,,,BASE STATS,,,EVs,,BASE STATS,,,EVs,,BASE STATS,,,EVs,,BASE STATS,,,EVs,,BASE STATS,,,EVs,,BASE STATS,,,EVs
,,,,HP,95,,,,HP,74,,,,HP,95,,,,HP,60,,252,,HP,100,,,,HP,91,,
,,,,ATK,117,,252,,ATK,115,,4,,ATK,145,,252,,ATK,140,,4,,ATK,100,,252,,ATK,72,,
,,,,DEF,80,,4,,DEF,70,,,,DEF,130,,,,DEF,50,,,,DEF,100,,,,DEF,90,,4
,,,,SPA,65,,,,SPA,135,,252,,SPA,120,,4,,SPA,140,,252,,SPA,100,,4,,SPA,129,,252
,,,,SPD,70,,,,SPD,80,,,,SPD,90,,,,SPD,50,,,,SPD,100,,,,SPD,90,,
,,,,SPE,92,,252,,SPE,106,,252,,SPE,120,,252,,SPE,60,,,,SPE,100,,252,,SPE,108,,252
,,,,SPEED STAT:,,,311,,SPEED STAT:,,,342,,SPEED STAT:,,,372,,SPEED STAT:,,,140,,SPEED STAT:,,,328,,SPEED STAT:,,,346
,,,,,,,,,,,,,,,,,,,,,,,,,,,,,,,,
,,,,,,,,,,,,,,,,,,,,,,,,,,,,,,,,
,,,,,,,,,,,,,,,,,,,,,,,,,,,,,,,,
,,"PKMN TOWER
GAUNTLET 2
ACE TRAINER
SAMANTHA",,Torkoal,,,,,Charizard,,,,,Milotic,,,,,Dodrio-S,,,,,Tyranitar,,,,,Garchomp-Mega,,,
,,,,Highest Lv,,,,,Highest Lv,,,,,Highest Lv,,,,,Highest Lv,,,,,Highest Lv,,,,,Highest Lv,,,
,,,,,,,,,,,,,,,,,,,,,,,,,,,,,,,,
,,,,,,,,,,,,,,,,,,,,,,,,,,,,,,,,
,,,,Relaxed,,,,,Timid,,,,,Modest,,,,,Jolly,,,,,Brave,,,,,Jolly,,,
,,,,Drought,,,,,Solar Power,,,,,Competitive,,,,,Rock Head,,,,,Unnerve,,,,,"Rough Skin
Sand Force",,,
,,,,Heat Rock,,,,,Choice Specs,,,,,Assault Vest,,,,,Focus Sash,,,,,Assault Vest,,,,,Garchompite,,,
,,,,Stealth Rock,,,,,Solar Beam,,,,,Weather Ball,,,,,Headlong Rush,,,,,Fire Blast,,,,,Swords Dance,,,
,,,,Lava Plume,,,,,Weather Ball,,,,,Ice Beam,,,,,Flare Blitz,,,,,Solar Beam,,,,,Scale Shot,,,
,,,,Body Press,,,,,Air Slash,,,,,Bouncy Bubble,,,,,Head Smash,,,,,Stone Edge,,,,,Earthquake,,,
,,,,Earth Power,,,,,Flamethrower,,,,,Flip Turn,,,,,Double-Edge,,,,,Earthquake,,,,,Fire Fang,,,
,,,,,,,,,,,,,,,,,,,,,,,,,,,,,,,,
,,,,BASE STATS,,,EVs,,BASE STATS,,,EVs,,BASE STATS,,,EVs,,BASE STATS,,,EVs,,BASE STATS,,,EVs,,BASE STATS,,,EVs
,,,,HP,70,,252,,HP,78,,,,HP,95,,252,,HP,70,,,,HP,100,,252,,HP,108,,
,,,,ATK,75,,,,ATK,84,,,,ATK,60,,,,ATK,125,,252,,ATK,134,,252,,ATK,170,,252
,,,,DEF,140,,252,,DEF,78,,4,,DEF,84,,4,,DEF,65,,4,,DEF,110,,,,DEF,105,,4
,,,,SPA,95,,4,,SPA,109,,252,,SPA,100,,252,,SPA,50,,,,SPA,95,,4,,SPA,120,,
,,,,SPD,70,,,,SPD,85,,,,SPD,125,,,,SPD,60,,,,SPD,100,,,,SPD,95,,
,,,,SPE,20,,,,SPE,100,,252,,SPE,86,,,,SPE,110,,252,,SPE,61,,,,SPE,102,,252
,,,,SPEED STAT:,,,68,,SPEED STAT:,,,328,,SPEED STAT:,,,208,,SPEED STAT:,,,350,,SPEED STAT:,,,142,,SPEED STAT:,,,333
,,,,,,,,,,,,,,,,,,,,,,,,,,,,,,,,
,,,,,,,,,,,,,,,,,,,,,,,,,,,,,,,,
,,,,,,,,,,,,,,,,,,,,,,,,,,,,,,,,
,,"PKMN TOWER
GAUNTLET 3
TESTER
SYMES",,Rillaboom,,,,,Dragonite,,,,,Zebstrika-S,,,,,Alcremie-Mega,,,,,Samurott-H,,,,,Decidueye-H,,,
,,,,Highest Lv,,,,,Highest Lv,,,,,Highest Lv,,,,,Highest Lv,,,,,Highest Lv,,,,,Highest Lv,,,
,,,,,,,,,,,,,,,,,,,,,,,,,,,,,,,,
,,,,,,,,,,,,,,,,,,,,,,,,,,,,,,,,
,,,,Jolly,,,,,Jolly,,,,,Timid,,,,,Bold,,,,,Jolly,,,,,Adamant,,,
,,,,Grassy Surge,,,,,Multiscale,,,,,Illuminate,,,,,"Sweet Veil
Self Sufficient",,,,,Sharpness,,,,,Quill Rush,,,
,,,,Terrain Extend.,,,,,Lum Berry,,,,,Life Orb,,,,,Alcremite,,,,,White Herb,,,,,Focus Sash,,,
,,,,Grassy Glide,,,,,Dual Wingbeat,,,,,Blizzard,,,,,Calm Mind,,,,,Shell Smash,,,,,High J. Kick,,,
,,,,U-Turn,,,,,Dragon Dance,,,,,Thunder,,,,,Moonblast,,,,,Ceaseless Edge,,,,,Grassy Glide,,,
,,,,Knock Off,,,,,Fire Punch,,,,,Freeze-Dry,,,,,Mystical Fire,,,,,Razor Shell,,,,,Swords Dance,,,
,,,,Wood Hammer,,,,,Ice Punch,,,,,Volt Switch,,,,,Acid Armor,,,,,Megahorn,,,,,Knock Off,,,
,,,,,,,,,,,,,,,,,,,,,,,,,,,,,,,,
,,,,BASE STATS,,,EVs,,BASE STATS,,,EVs,,BASE STATS,,,EVs,,BASE STATS,,,EVs,,BASE STATS,,,EVs,,BASE STATS,,,EVs
,,,,HP,100,,,,HP,91,,,,HP,75,,,,HP,65,,252,,HP,95,,,,HP,98,,
,,,,ATK,125,,252,,ATK,134,,252,,ATK,70,,,,ATK,70,,,,ATK,108,,252,,ATK,112,,252
,,,,DEF,90,,,,DEF,95,,4,,DEF,63,,4,,DEF,90,,252,,DEF,85,,4,,DEF,85,,4
,,,,SPA,60,,,,SPA,100,,,,SPA,110,,252,,SPA,140,,4,,SPA,95,,,,SPA,75,,
,,,,SPD,70,,4,,SPD,100,,,,SPD,63,,,,SPD,131,,,,SPD,70,,,,SPD,100,,
,,,,SPE,85,,252,,SPE,80,,252,,SPE,116,,252,,SPE,84,,,,SPE,90,,252,,SPE,70,,252
,,,,SPEED STAT:,,,295,,SPEED STAT:,,,284,,SPEED STAT:,,,364,,SPEED STAT:,,,204,,SPEED STAT:,,,306,,SPEED STAT:,,,239
,,,,,,,,,,,,,,,,,,,,,,,,,,,,,QUILL RUSH:,,,358
,,,,,,,,,,,,,,,,,,,,,,,,,,,,,,,,
,,,,,,,,,,,,,,,,,,,,,,,,,,,,,,,,
,,,,,,,,,,,,,,,,,,,,,,,,,,,,,,,,
,,"PKMN TOWER
GAUNTLET BOSS
LEADER
MORTY",,Mimikyu,,,,,Marshadow,,,,,Silvally-Fairy,,,,,Urshifu-S,,,,,Gengar-Mega,,,,,Zarude,,,
,,,,Highest Lv,,,,,Highest Lv,,,,,Highest Lv,,,,,Highest Lv,,,,,Highest Lv,,,,,Highest Lv,,,
,,,,,,,,,,,,,,,,,,,,,,,,,,,,,,,,
,,,,,,,,,,,,,,,,,,,,,,,,,,,,,,,,
,,,,Jolly,,,,,Jolly,,,,,Timid,,,,,Jolly,,,,,Timid,,,,,Jolly,,,
,,,,Disguise,,,,,Technician,,,,,Battle Armor,,,,,Unseen Fist,,,,,"Levitate
Shadow Tag",,,,,Defiant,,,
,,,,Ghostium Z,,,,,Focus Sash,,,,,Leftovers,,,,,Black Glasses,,,,,Gengarite,,,,,Leftovers,,,
,,,,Shadow Claw,,,,,Bulk Up,,,,,Thunder Wave,,,,,U-Turn,,,,,Shadow Ball,,,,,U-Turn,,,
,,,,Play Rough,,,,,Drain Punch,,,,,Multi-Attack,,,,,Close Combat,,,,,Sludge Wave,,,,,Power Whip,,,
,,,,Shadow Sneak,,,,,Spectral Thief,,,,,Flamethrower,,,,,Wicked Blow,,,,,Focus Blast,,,,,Knock Off,,,
,,,,Swords Dance,,,,,Shadow Sneak,,,,,Parting Shot,,,,,Sucker Punch,,,,,Thunderbolt,,,,,Close Combat,,,
,,,,,,,,,,,,,,,,,,,,,,,,,,,,,,,,
,,,,BASE STATS,,,EVs,,BASE STATS,,,EVs,,BASE STATS,,,EVs,,BASE STATS,,,EVs,,BASE STATS,,,EVs,,BASE STATS,,,EVs
,,,,HP,55,,,,HP,90,,,,HP,100,,252,,HP,100,,,,HP,60,,,,HP,105,,
,,,,ATK,90,,252,,ATK,125,,252,,ATK,100,,,,ATK,130,,252,,ATK,65,,,,ATK,120,,252
,,,,DEF,80,,4,,DEF,80,,4,,DEF,100,,4,,DEF,100,,4,,DEF,80,,4,,DEF,105,,4
,,,,SPA,50,,,,SPA,90,,,,SPA,100,,,,SPA,63,,,,SPA,170,,252,,SPA,70,,
,,,,SPD,105,,,,SPD,90,,,,SPD,100,,,,SPD,60,,,,SPD,95,,,,SPD,95,,
,,,,SPE,96,,252,,SPE,125,,252,,SPE,100,,252,,SPE,97,,252,,SPE,130,,252,,SPE,105,,252
,,,,SPEED STAT:,,,320,,SPEED STAT:,,,383,,SPEED STAT:,,,328,,SPEED STAT:,,,322,,SPEED STAT:,,,394,,SPEED STAT:,,,339
,,,,,,,,,,,,,,,,,,,,,,,,,,,,,,,,
,,,,,,,,,,,,,,,,,,,,,,,,,,,,,,,,
,,,,,,,,,,,,,,,,,,,,,,,,,,,,,,,,
,,"ONE ISLAND
DUMASS
JOJO FAN",,Galvantula,,,,,Garchomp-Mega,,,,,Huntail,,,,,Necrozma-DM,,,,,Machamp-Mega,,,,,Hoopa-U,,,
,,,,Highest Lv,,,,,Highest Lv,,,,,Highest Lv,,,,,Highest Lv,,,,,Highest Lv,,,,,Highest Lv,,,
,,,,,,,,,,,,,,,,,,,,,,,,,,,,,,,,
,,,,,,,,,,,,,,,,,,,,,,,,,,,,,,,,
,,,,Timid,,,,,Jolly,,,,,Adamant,,,,,Adamant,,,,,Adamant,,,,,Timid,,,
,,,,Compound Eyes,,,,,"Rough Skin
Sand Force",,,,,Intimidate,,,,,Prism Armor,,,,,"Guts or No Guard
ORAORAORAORA!",,,,,Magician,,,
,,,,Focus Sash,,,,,Garchompite,,,,,White Herb,,,,,Weakness Pol.,,,,,Machampite,,,,,Fightinium Z,,,
,,,,Sticky Web,,,,,Swords Dance,,,,,Shell Smash,,,,,Dragon Dance,,,,,Pow-Up Punch,,,,,Nasty Plot,,,
,,,,Volt Switch,,,,,Earthquake,,,,,Liquidation,,,,,Photon Geyser,,,,,Drain Punch,,,,,Dark Pulse,,,
,,,,Thunder,,,,,Rock Slide,,,,,Crunch,,,,,Earthquake,,,,,Ice Punch,,,,,Psychic,,,
,,,,Bug Buzz,,,,,Fire Fang,,,,,Sucker Punch,,,,,Heat Wave,,,,,Bullet Punch,,,,,Focus Blast,,,
,,,,,,,,,,,,,,,,,,,,,,,,,,,,,,,,
,,,,BASE STATS,,,EVs,,BASE STATS,,,EVs,,BASE STATS,,,EVs,,BASE STATS,,,EVs,,BASE STATS,,,EVs,,BASE STATS,,,EVs
,,,,HP,70,,6,,HP,108,,6,,HP,55,,6,,HP,97,,252,,HP,90,,252,,HP,80,,6
,,,,ATK,77,,,,ATK,170,,252,,ATK,104,,252,,ATK,157,,252,,ATK,145,,252,,ATK,160,,
,,,,DEF,60,,,,DEF,105,,,,DEF,105,,,,DEF,127,,,,DEF,110,,,,DEF,60,,
,,,,SPA,97,,252,,SPA,120,,,,SPA,94,,,,SPA,113,,,,SPA,65,,,,SPA,170,,252
,,,,SPD,60,,,,SPD,95,,,,SPD,75,,,,SPD,109,,,,SPD,115,,,,SPD,130,,
,,,,SPE,108,,252,,SPE,102,,252,,SPE,52,,252,,SPE,77,,6,,SPE,75,,6,,SPE,80,,252
,,,,SPEED STAT:,,,346,,SPEED STAT:,,,333,,SPEED STAT:,,,203,,SPEED STAT:,,,191,,SPEED STAT:,,,187,,SPEED STAT:,,,284
,,,,,,,,,,,,,,,,,,,,,,,,,,,,,,,,
,,,,,,,,,,,,,,,,,,,,,,,,,,,,,,,,
,,,,,,,,,,,,,,,,,,,,,,,,,,,,,,,,
,,"TREASURE BEA.
SWIMMER
AMARA",,Milotic,,,,,Milotic-S,,,,,Dewgong,,,,,,,,,,,,,,,,,,
,,,,Highest Lv,,,,,Highest Lv -1,,,,,Highest Lv,,,,,,,,,,,,,,,,,,
,,,,,,,,,,,,,,,,,,,,,,,,,,,,,,,,
,,,,,,,,,,,,,,,,,,,,,,,,,,,,,,,,
,,,,Modest,,,,,Modest,,,,,Calm,,,,,,,,,,,,,,,,,,
,,,,Competitive,,,,,Serene Grace,,,,,Ice Scales,,,,,,,,,,,,,,,,,,
,,,,Sitrus Berry,,,,,Leftovers,,,,,Sitrus Berry,,,,,,,,,,,,,,,,,,
,,,,Hydro Pump,,,,,Scorch. Sands,,,,,Scald,,,,,,,,,,,,,,,,,,
,,,,Ice Beam,,,,,Moonblast,,,,,Ice Beam,,,,,,,,,,,,,,,,,,
,,,,HP Grass,,,,,Scald,,,,,Rest,,,,,,,,,,,,,,,,,,
,,,,Haze,,,,,Recover,,,,,Sleep Talk,,,,,,,,,,,,,,,,,,
,,,,,,,,,,,,,,,,,,,,,,,,,,,,,,,,
,,,,BASE STATS,,,EVs,,BASE STATS,,,EVs,,BASE STATS,,,EVs,,,,,,,,,,,,,,,
,,,,HP,95,,252,,HP,95,,252,,HP,95,,252,,,,,,,,,,,,,,,
,,,,ATK,60,,,,ATK,60,,,,ATK,50,,,,,,,,,,,,,,,,,
,,,,DEF,84,,4,,DEF,84,,4,,DEF,80,,4,,,,,,,,,,,,,,,
,,,,SPA,100,,252,,SPA,105,,252,,SPA,90,,,,,,,,,,,,,,,,,
,,,,SPD,125,,,,SPD,125,,,,SPD,95,,,,,,,,,,,,,,,,,
,,,,SPE,86,,,,SPE,81,,,,SPE,70,,252,,,,,,,,,,,,,,,
,,,,SPEED STAT:,,,208,,SPEED STAT:,,,196,,SPEED STAT:,,,239,,,,,,,,,,,,,,,
,,,,,,,,,,,,,,,,,,,,,,,,,,,,,,,,
,,,,,,,,,,,,,,,,,,,,,,,,,,,,,,,,
,,,,,,,,,,,,,,,,,,,,,,,,,,,,,,,,
,,"TREASURE BEA.
SWIMMER
ABIGAIL",,Azumarill,,,,,Octillery,,,,,Golisopod,,,,,Wishiwashi-Sch,,,,,,,,,,,,,
,,,,Highest Lv,,,,,Highest Lv -1,,,,,Highest Lv,,,,,Highest Lv,,,,,,,,,,,,,
,,,,,,,,,,,,,,,,,,,,,,,,,,,,,,,,
,,,,,,,,,,,,,,,,,,,,,,,,,,,,,,,,
,,,,Adamant,,,,,Modest,,,,,Adamant,,,,,Modest,,,,,,,,,,,,,
,,,,Huge Power,,,,,Mega Launcher,,,,,Emergency Exit,,,,,Schooling,,,,,,,,,,,,,
,,,,Sitrus Berry,,,,,Sitrus Berry,,,,,Sitrus Berry,,,,,Sitrus Berry,,,,,,,,,,,,,
,,,,Waterfall,,,,,Snipe Shot,,,,,First Impress.,,,,,Hydro Pump,,,,,,,,,,,,,
,,,,Play Rough,,,,,Aura Sphere,,,,,Liquidation,,,,,Ice Beam,,,,,,,,,,,,,
,,,,Superpower,,,,,Ice Beam,,,,,Knock Off,,,,,U-Turn,,,,,,,,,,,,,
,,,,Aqua Jet,,,,,Flamethrower,,,,,Close Combat,,,,,Earthquake,,,,,,,,,,,,,
,,,,,,,,,,,,,,,,,,,,,,,,,,,,,,,,
,,,,BASE STATS,,,EVs,,BASE STATS,,,EVs,,BASE STATS,,,EVs,,BASE STATS,,,EVs,,,,,,,,,,
,,,,HP,100,,252,,HP,75,,,,HP,75,,252,,HP,55,,252,,,,,,,,,,
,,,,ATK,50,,252,,ATK,105,,,,ATK,125,,252,,ATK,140,,,,,,,,,,,,
,,,,DEF,80,,4,,DEF,75,,4,,DEF,140,,4,,DEF,130,,,,,,,,,,,,
,,,,SPA,60,,,,SPA,105,,252,,SPA,60,,,,SPA,140,,252,,,,,,,,,,
,,,,SPD,80,,,,SPD,75,,,,SPD,90,,,,SPD,135,,,,,,,,,,,,
,,,,SPE,50,,,,SPE,75,,252,,SPE,40,,,,SPE,30,,4,,,,,,,,,,
,,,,SPEED STAT:,,,136,,SPEED STAT:,,,246,,SPEED STAT:,,,116,,SPEED STAT:,,,96,,,,,,,,,,
,,,,,,,,,,,,,,,,,,,SMALL FORM:,,,116,,,,,,,,,,
,,,,,,,,,,,,,,,,,,,,,,,,,,,,,,,,
,,,,,,,,,,,,,,,,,,,,,,,,,,,,,,,,
,,,,,,,,,,,,,,,,,,,,,,,,,,,,,,,,
,,"KINDLE ROAD
RED",,Pikachu-Libre,,,,,Venusaur-Mega,,,,,Blastoise-Mega,,,,,Charizard-MegaX,,,,,Snorlax,,,,,Mewtwo-MegaX,,,
,,,,Highest Lv,,,,,Highest Lv,,,,,Highest Lv,,,,,Highest Lv,,,,,Highest Lv,,,,,Highest Lv,,,
,,,,,,,,,,,,,,,,,,,,,,,,,,,,,,,,
,,,,,,,,,,,,,,,,,,,,,,,,,,,,,,,,
,,,,Jolly,,,,,Modest,,,,,Modest,,,,,Jolly,,,,,Adamant,,,,,Jolly,,,
,,,,Lightning Rod,,,,,"Overgrow
Thick Fat",,,,,"Torrent
Mega Launcher",,,,,"Blaze
Tough Claws",,,,,Thick Fat,,,,,"Pressure
Steadfast",,,
,,,,Light Ball,,,,,Venusaurite,,,,,Blastoisinite,,,,,Charizardite X,,,,,Leftovers,,,,,Mewtwonite X,,,
,,,,Fake Out,,,,,Giga Drain,,,,,Shell Smash,,,,,Dragon Dance,,,,,Body Slam,,,,,Bulk Up,,,
,,,,Aura Wheel,,,,,Sludge Bomb,,,,,Ice Beam,,,,,Flare Blitz,,,,,Earthquake,,,,,Zen Headbutt,,,
,,,,Close Combat,,,,,Earth Power,,,,,Dark Pulse,,,,,Earthquake,,,,,Darkest Lariat,,,,,Close Combat,,,
,,,,Knock Off,,,,,Sleep Powder,,,,,Aura Sphere,,,,,Dragon Claw,,,,,Fire Punch,,,,,Stone Edge,,,
,,,,,,,,,,,,,,,,,,,,,,,,,,,,,,,,
,,,,BASE STATS,,,EVs,,BASE STATS,,,EVs,,BASE STATS,,,EVs,,BASE STATS,,,EVs,,BASE STATS,,,EVs,,BASE STATS,,,EVs
,,,,HP,35,,252,,HP,80,,252,,HP,79,,4,,HP,78,,,,HP,160,,252,,HP,106,,4
,,,,ATK,55,,252,,ATK,100,,,,ATK,103,,,,ATK,130,,252,,ATK,110,,252,,ATK,190,,252
,,,,DEF,40,,252,,DEF,123,,,,DEF,120,,,,DEF,111,,4,,DEF,65,,4,,DEF,100,,
,,,,SPA,50,,252,,SPA,122,,252,,SPA,135,,252,,SPA,130,,,,SPA,65,,,,SPA,154,,
,,,,SPD,50,,252,,SPD,120,,4,,SPD,115,,,,SPD,85,,,,SPD,110,,,,SPD,100,,
,,,,SPE,90,,252,,SPE,80,,,,SPE,78,,252,,SPE,100,,252,,SPE,30,,,,SPE,130,,252
,,,,SPEED STAT:,,,306,,SPEED STAT:,,,196,,SPEED STAT:,,,255,,SPEED STAT:,,,328,,SPEED STAT:,,,96,,SPEED STAT:,,,394
,,,,,,,,,,,,,,,,,,,,,,,,,,,,,,,,
,,,,,,,,,,,,,,,,,,,,,,,,,,,,,,,,
,,,,BATTLE EFFECT: DOUBLES,,,,,,,,,,,,,,,,,,,,,,,,,,,,
,,,,,,,,,,,,,,,,,,,,,,,,,,,,,,,,
,,"KINDLE ROAD
PICNICKER
CLAIRE",,Alakazam-Mega,,,,,Indeedee-M,,,,,Dugtrio,,,,,Lucario,,,,,,,,,,,,,
,,,,Highest Lv -1,,,,,Highest Lv -2,,,,,Highest Lv,,,,,Highest Lv,,,,,,,,,,,,,
,,,,,,,,,,,,,,,,,,,,,,,,,,,,,,,,
,,,,,,,,,,,,,,,,,,,,,,,,,,,,,,,,
,,,,Timid,,,,,Timid,,,,,Jolly,,,,,Jolly,,,,,,,,,,,,,
,,,,"Synchronize
Trace",,,,,Psychic Surge,,,,,Arena Trap,,,,,Justified,,,,,,,,,,,,,
,,,,Alakazite,,,,,Tanga Berry,,,,,Focus Sash,,,,,Life Orb,,,,,,,,,,,,,
,,,,Expand. Force,,,,,Expand. Force,,,,,Earthquake,,,,,Crunch,,,,,,,,,,,,,
,,,,Shadow Ball,,,,,Follow Me,,,,,Stom. Tantrum,,,,,Close Combat,,,,,,,,,,,,,
,,,,Nasty Plot,,,,,Fake Out,,,,,Reversal,,,,,Meteor Mash,,,,,,,,,,,,,
,,,,Focus Blast,,,,,Hyper Voice,,,,,Stone Edge,,,,,Ice Punch,,,,,,,,,,,,,
,,,,,,,,,,,,,,,,,,,,,,,,,,,,,,,,
,,,,BASE STATS,,,EVs,,BASE STATS,,,EVs,,BASE STATS,,,EVs,,BASE STATS,,,EVs,,,,,,,,,,
,,,,HP,55,,,,HP,60,,,,HP,35,,,,HP,70,,,,,,,,,,,,
,,,,ATK,50,,,,ATK,65,,,,ATK,100,,252,,ATK,110,,252,,,,,,,,,,
,,,,DEF,65,,4,,DEF,55,,4,,DEF,50,,4,,DEF,70,,4,,,,,,,,,,
,,,,SPA,175,,252,,SPA,105,,252,,SPA,50,,,,SPA,115,,,,,,,,,,,,
,,,,SPD,105,,,,SPD,95,,,,SPD,70,,,,SPD,70,,,,,,,,,,,,
,,,,SPE,150,,252,,SPE,95,,252,,SPE,120,,252,,SPE,90,,252,,,,,,,,,,
,,,,SPEED STAT:,,,434,,SPEED STAT:,,,311,,SPEED STAT:,,,372,,SPEED STAT:,,,306,,,,,,,,,,
,,,,,,,,,,,,,,,,,,,,,,,,,,,,,,,,
,,,,,,,,,,,,,,,,,,,,,,,,,,,,,,,,
,,,,,,,,,,,,,,,,,,,,,,,,,,,,,,,,
,,"KINDLE ROAD
CRUSH GIRL
TANYA",,Pangoro,,,,,Bewear,,,,,Ursaring-S,,,,,Tauros,,,,,,,,,,,,,
,,,,Highest Lv,,,,,Highest Lv,,,,,Highest Lv,,,,,Highest Lv,,,,,,,,,,,,,
,,,,,,,,,,,,,,,,,,,,,,,,,,,,,,,,
,,,,,,,,,,,,,,,,,,,,,,,,,,,,,,,,
,,,,Adamant,,,,,Adamant,,,,,Adamant,,,,,Jolly,,,,,,,,,,,,,
,,,,Scrappy,,,,,Fluffy,,,,,Guts,,,,,Sheer Force,,,,,,,,,,,,,
,,,,Focus Sash,,,,,Sitrus Berry,,,,,Flame Orb,,,,,Life Orb,,,,,,,,,,,,,
,,,,Wicked Blow,,,,,Close Combat,,,,,Drain Punch,,,,,Head Charge,,,,,,,,,,,,,
,,,,Close Combat,,,,,Double-Edge,,,,,Shadow Punch,,,,,Iron Head,,,,,,,,,,,,,
,,,,Parting Shot,,,,,Darkest Lariat,,,,,Shadow Sneak,,,,,Close Combat,,,,,,,,,,,,,
,,,,Sucker Punch,,,,,Drain Punch,,,,,Play Rough,,,,,Throat Chop,,,,,,,,,,,,,
,,,,,,,,,,,,,,,,,,,,,,,,,,,,,,,,
,,,,BASE STATS,,,EVs,,BASE STATS,,,EVs,,BASE STATS,,,EVs,,BASE STATS,,,EVs,,,,,,,,,,
,,,,HP,95,,,,HP,120,,252,,HP,100,,252,,HP,75,,,,,,,,,,,,
,,,,ATK,124,,252,,ATK,125,,252,,ATK,110,,252,,ATK,100,,252,,,,,,,,,,
,,,,DEF,78,,4,,DEF,80,,,,DEF,90,,,,DEF,95,,,,,,,,,,,,
,,,,SPA,69,,,,SPA,55,,,,SPA,55,,,,SPA,70,,,,,,,,,,,,
,,,,SPD,71,,,,SPD,60,,,,SPD,90,,,,SPD,70,,,,,,,,,,,,
,,,,SPE,58,,252,,SPE,60,,4,,SPE,55,,4,,SPE,110,,252,,,,,,,,,,
,,,,SPEED STAT:,,,215,,SPEED STAT:,,,157,,SPEED STAT:,,,147,,SPEED STAT:,,,350,,,,,,,,,,
,,,,,,,,,,,,,,,,,,,,,,,,,,,,,,,,
,,,,,,,,,,,,,,,,,,,,,,,,,,,,,,,,
,,,,,,,,,,,,,,,,,,,,,,,,,,,,,,,,
,,"KINDLE ROAD
CAMPER
BRYCE",,Bisharp,,,,,Floatzel,,,,,Butterfree-Mega,,,,,Magnezone,,,,,Delphox,,,,,,,,
,,,,Highest Lv -1,,,,,Highest Lv -2,,,,,Highest Lv,,,,,Highest Lv,,,,,Highest Lv -1,,,,,,,,
,,,,,,,,,,,,,,,,,,,,,,,,,,,,,,,,
,,,,,,,,,,,,,,,,,,,,,,,,,,,,,,,,
,,,,Jolly,,,,,Naive,,,,,Timid,,,,,Jolly,,,,,Timid,,,,,,,,
,,,,Defiant,,,,,Technician,,,,,Compound Eyes (Both),,,,,Magnet Pull,,,,,Magic Guard,,,,,,,,
,,,,Focus Sash,,,,,Mystic Water,,,,,Butterfrite,,,,,Magnet,,,,,Life Orb,,,,,,,,
,,,,Sucker Punch,,,,,Fake Out,,,,,Bug Buzz,,,,,Thunderbolt,,,,,Mind Blown,,,,,,,,
,,,,Psycho Cut,,,,,Surg. Strikes,,,,,Sleep Powder,,,,,Steel Beam,,,,,Psychic,,,,,,,,
,,,,Iron Head,,,,,Icy Wind,,,,,Hurricane,,,,,Volt Switch,,,,,Heat Wave,,,,,,,,
,,,,Swords Dance,,,,,Rock Smash,,,,,U-Turn,,,,,Body Press,,,,,Foul Play,,,,,,,,
,,,,,,,,,,,,,,,,,,,,,,,,,,,,,,,,
,,,,BASE STATS,,,EVs,,BASE STATS,,,EVs,,BASE STATS,,,EVs,,BASE STATS,,,EVs,,BASE STATS,,,EVs,,,,,
,,,,HP,65,,,,HP,85,,,,HP,60,,36,,HP,70,,48,,HP,75,,,,,,,
,,,,ATK,125,,252,,ATK,90,,252,,ATK,45,,,,ATK,70,,,,ATK,69,,,,,,,
,,,,DEF,100,,4,,DEF,55,,4,,DEF,100,,56,,DEF,115,,,,DEF,72,,4,,,,,
,,,,SPA,60,,,,SPA,95,,,,SPA,140,,252,,SPA,130,,252,,SPA,114,,252,,,,,
,,,,SPD,70,,,,SPD,50,,,,SPD,100,,,,SPD,90,,,,SPD,100,,,,,,,
,,,,SPE,70,,252,,SPE,115,,252,,SPE,80,,164,,SPE,60,,208,,SPE,104,,252,,,,,
,,,,SPEED STAT:,,,259,,SPEED STAT:,,,354,,SPEED STAT:,,,260,,SPEED STAT:,,,227,,SPEED STAT:,,,333,,,,,
,,,,,,,,,,,,,,,,,,,,,,,,,,,,,,,,
,,,,,,,,,,,,,,,,,,,,,,,,,,,,,,,,
,,,,BATTLE EFFECT: DOUBLES,,,,,,,,,,,,,,,,,,,,,,,,,,,,
,,,,,,,,,,,,,,,,,,,,,,,,,,,,,,,,
,,"KINDLE ROAD
SWIMMER
GARRETT",,Mantine-S,,,,,Milotic,,,,,Greninja,,,,,Lapras-Mega,,,,,,,,,,,,,
,,,,Highest Lv,,,,,Highest Lv -2,,,,,Highest Lv -2,,,,,Highest Lv,,,,,,,,,,,,,
,,,,,,,,,,,,,,,,,,,,,,,,,,,,,,,,
,,,,,,,,,,,,,,,,,,,,,,,,,,,,,,,,
,,,,Timid,,,,,Timid,,,,,Timid,,,,,Modest,,,,,,,,,,,,,
,,,,Storm Drain,,,,,Competitive,,,,,Protean,,,,,"Water Absorb
Liquid Voice",,,,,,,,,,,,,
,,,,Air Balloon,,,,,Choice Scarf,,,,,Choice Specs,,,,,Laprasite,,,,,,,,,,,,,
,,,,Thunder,,,,,Surf,,,,,Surf,,,,,Boomburst,,,,,,,,,,,,,
,,,,Sludge Wave,,,,,-,,,,,Ice Beam,,,,,Blizzard,,,,,,,,,,,,,
,,,,Water Pulse,,,,,-,,,,,Dark Pulse,,,,,Draco Meteor,,,,,,,,,,,,,
,,,,HP Grass,,,,,-,,,,,Extrasensory,,,,,Thunderbolt,,,,,,,,,,,,,
,,,,,,,,,,,,,,,,,,,,,,,,,,,,,,,,
,,,,BASE STATS,,,EVs,,BASE STATS,,,EVs,,BASE STATS,,,EVs,,BASE STATS,,,EVs,,,,,,,,,,
,,,,HP,80,,,,HP,95,,,,HP,72,,,,HP,130,,,,,,,,,,,,
,,,,ATK,30,,,,ATK,60,,,,ATK,95,,,,ATK,105,,,,,,,,,,,,
,,,,DEF,70,,4,,DEF,84,,4,,DEF,67,,4,,DEF,90,,4,,,,,,,,,,
,,,,SPA,100,,252,,SPA,100,,252,,SPA,103,,252,,SPA,115,,252,,,,,,,,,,
,,,,SPD,120,,,,SPD,125,,,,SPD,71,,,,SPD,105,,,,,,,,,,,,
,,,,SPE,95,,252,,SPE,86,,252,,SPE,122,,252,,SPE,70,,252,,,,,,,,,,
,,,,SPEED STAT:,,,317,,SPEED STAT:,,,291,,SPEED STAT:,,,369,,SPEED STAT:,,,239,,,,,,,,,,
,,,,,,,,,CHOI. SCARF:,,,436,,,,,,,,,,,,,,,,,,,,
,,,,,,,,,,,,,,,,,,,,,,,,,,,,,,,,
,,,,,,,,,,,,,,,,,,,,,,,,,,,,,,,,
,,,,,,,,,,,,,,,,,,,,,,,,,,,,,,,,
,,"KINDLE ROAD
CRUSH KIN
MIK & KIA",,Infernape,,,,,Grapploct,,,,,Metagross-Mega,,,,,Lycanroc-D,,,,,,,,,,,,,
,,,,Highest Lv,,,,,Highest Lv -2,,,,,Highest Lv -1,,,,,Highest Lv,,,,,,,,,,,,,
,,,,,,,,,,,,,,,,,,,,,,,,,,,,,,,,
,,,,,,,,,,,,,,,,,,,,,,,,,,,,,,,,
,,,,Jolly,,,,,Adamant,,,,,Jolly,,,,,Jolly,,,,,,,,,,,,,
,,,,Blaze,,,,,Technician,,,,,"Clear Body
Tough Claws",,,,,Tough Claws,,,,,,,,,,,,,
,,,,Focus Sash,,,,,Assault Vest,,,,,Metagrossite,,,,,Life Orb,,,,,,,,,,,,,
,,,,Fake Out,,,,,Arm Thrust,,,,,Meteor Mash,,,,,Stone Edge,,,,,,,,,,,,,
,,,,Pyro Ball,,,,,Liquidation,,,,,Zen Headbutt,,,,,Close Combat,,,,,,,,,,,,,
,,,,Close Combat,,,,,Mach Punch,,,,,Ice Punch,,,,,Accelerock,,,,,,,,,,,,,
,,,,Thunder Punch,,,,,Aqua Jet,,,,,Earthquake,,,,,Psychic Fangs,,,,,,,,,,,,,
,,,,,,,,,,,,,,,,,,,,,,,,,,,,,,,,
,,,,BASE STATS,,,EVs,,BASE STATS,,,EVs,,BASE STATS,,,EVs,,BASE STATS,,,EVs,,,,,,,,,,
,,,,HP,76,,,,HP,80,,252,,HP,80,,,,HP,75,,,,,,,,,,,,
,,,,ATK,110,,252,,ATK,118,,252,,ATK,145,,252,,ATK,117,,252,,,,,,,,,,
,,,,DEF,71,,4,,DEF,90,,,,DEF,150,,4,,DEF,65,,4,,,,,,,,,,
,,,,SPA,110,,,,SPA,70,,,,SPA,105,,,,SPA,55,,,,,,,,,,,,
,,,,SPD,71,,,,SPD,80,,4,,SPD,110,,,,SPD,65,,,,,,,,,,,,
,,,,SPE,113,,252,,SPE,42,,,,SPE,110,,252,,SPE,110,,252,,,,,,,,,,
,,,,SPEED STAT:,,,357,,SPEED STAT:,,,117,,SPEED STAT:,,,346,,SPEED STAT:,,,350,,,,,,,,,,
,,,,,,,,,,,,,,,,,,,,,,,,,,,,,,,,
,,,,,,,,,,,,,,,,,,,,,,,,,,,,,,,,
,,,,,,,,,,,,,,,,,,,,,,,,,,,,,,,,
,,"KINDLE ROAD
BLACK BELT
SHEA",,Decidueye-H,,,,,Probopass,,,,,Conkeldurr,,,,,Dodrio-S,,,,,,,,,,,,,
,,,,Highest Lv,,,,,Highest Lv,,,,,Highest Lv,,,,,Highest Lv,,,,,,,,,,,,,
,,,,,,,,,,,,,,,,,,,,,,,,,,,,,,,,
,,,,,,,,,,,,,,,,,,,,,,,,,,,,,,,,
,,,,Jolly,,,,,Bold,,,,,Adamant,,,,,Jolly,,,,,,,,,,,,,
,,,,Quill Rush,,,,,Levitate,,,,,Guts,,,,,Rock Head,,,,,,,,,,,,,
,,,,Choice Scarf,,,,,Leftovers,,,,,Flame Orb,,,,,Choice Band,,,,,,,,,,,,,
,,,,Wood Hammer,,,,,Thunder Wave,,,,,Facade,,,,,Flare Blitz,,,,,,,,,,,,,
,,,,Close Combat,,,,,Volt Switch,,,,,Drain Punch,,,,,Earthquake,,,,,,,,,,,,,
,,,,Brave Bird,,,,,Flash Cannon,,,,,Knock Off,,,,,U-Turn,,,,,,,,,,,,,
,,,,Stone Edge,,,,,Power Gem,,,,,Mach Punch,,,,,Brave Bird,,,,,,,,,,,,,
,,,,,,,,,,,,,,,,,,,,,,,,,,,,,,,,
,,,,BASE STATS,,,EVs,,BASE STATS,,,EVs,,BASE STATS,,,EVs,,BASE STATS,,,EVs,,,,,,,,,,
,,,,HP,98,,,,HP,65,,252,,HP,105,,252,,HP,70,,,,,,,,,,,,
,,,,ATK,112,,252,,ATK,45,,,,ATK,140,,252,,ATK,125,,252,,,,,,,,,,
,,,,DEF,85,,4,,DEF,145,,252,,DEF,95,,,,DEF,65,,4,,,,,,,,,,
,,,,SPA,75,,,,SPA,80,,4,,SPA,55,,,,SPA,50,,,,,,,,,,,,
,,,,SPD,100,,,,SPD,150,,,,SPD,65,,,,SPD,60,,,,,,,,,,,,
,,,,SPE,70,,252,,SPE,40,,,,SPE,45,,4,,SPE,110,,252,,,,,,,,,,
,,,,SPEED STAT:,,,262,,SPEED STAT:,,,116,,SPEED STAT:,,,127,,SPEED STAT:,,,350,,,,,,,,,,
,,,,QUILL RUSH:,,,393,,,,,,,,,,,,,,,,,,,,,,,,,
,,,,CHOI. SCARF:,,,393,,,,,,,,,,,,,,,,,,,,,,,,,
,,,,SCARF+RUSH:,,,589,,,,,,,,,,,,,,,,,,,,,,,,,
,,,,,,,,,,,,,,,,,,,,,,,,,,,,,,,,
,,,,,,,,,,,,,,,,,,,,,,,,,,,,,,,,
,,,,,,,,,,,,,,,,,,,,,,,,,,,,,,,,
,,"KINDLE ROAD
BLACK BELT
HUGH",,Heracross,,,,,Medicham-Mega,,,,,Tyrantrum,,,,,,,,,,,,,,,,,,
,,,,Highest Lv,,,,,Highest Lv,,,,,Highest Lv,,,,,,,,,,,,,,,,,,
,,,,,,,,,,,,,,,,,,,,,,,,,,,,,,,,
,,,,,,,,,,,,,,,,,,,,,,,,,,,,,,,,
,,,,Jolly,,,,,Jolly,,,,,Jolly,,,,,,,,,,,,,,,,,,
,,,,Moxie,,,,,Pure Power (Both),,,,,Rock Head,,,,,,,,,,,,,,,,,,
,,,,Choice Scarf,,,,,Medichamite,,,,,Focus Sash,,,,,,,,,,,,,,,,,,
,,,,Megahorn,,,,,Close Combat,,,,,Dragon Dance,,,,,,,,,,,,,,,,,,
,,,,Close Combat,,,,,Zen Headbutt,,,,,Head Smash,,,,,,,,,,,,,,,,,,
,,,,Earthquake,,,,,Fake Out,,,,,Dragon Claw,,,,,,,,,,,,,,,,,,
,,,,Stone Edge,,,,,Ice Punch,,,,,Close Combat,,,,,,,,,,,,,,,,,,
,,,,,,,,,,,,,,,,,,,,,,,,,,,,,,,,
,,,,BASE STATS,,,EVs,,BASE STATS,,,EVs,,BASE STATS,,,EVs,,,,,,,,,,,,,,,
,,,,HP,80,,,,HP,60,,,,HP,82,,,,,,,,,,,,,,,,,
,,,,ATK,125,,252,,ATK,100,,252,,ATK,121,,252,,,,,,,,,,,,,,,
,,,,DEF,75,,4,,DEF,85,,,,DEF,119,,,,,,,,,,,,,,,,,
,,,,SPA,40,,,,SPA,80,,,,SPA,69,,,,,,,,,,,,,,,,,
,,,,SPD,95,,,,SPD,85,,,,SPD,59,,,,,,,,,,,,,,,,,
,,,,SPE,85,,252,,SPE,100,,252,,SPE,71,,252,,,,,,,,,,,,,,,
,,,,SPEED STAT:,,,295,,SPEED STAT:,,,328,,SPEED STAT:,,,265,,,,,,,,,,,,,,,
,,,,CHOI. SCARF:,,,442,,,,,,,,,,,,,,,,,,,,,,,,,
,,,,,,,,,,,,,,,,,,,,,,,,,,,,,,,,
,,,,,,,,,,,,,,,,,,,,,,,,,,,,,,,,
,,,,,,,,,,,,,,,,,,,,,,,,,,,,,,,,
,,"KINDLE ROAD
CRUSH GIRL
SHARON",,Grapploct,,,,,Gallade-Mega,,,,,Darmanitan-GZ,,,,,Nidoking,,,,,,,,,,,,,
,,,,Highest Lv,,,,,Highest Lv,,,,,Highest Lv,,,,,Highest Lv,,,,,,,,,,,,,
,,,,,,,,,,,,,,,,,,,,,,,,,,,,,,,,
,,,,,,,,,,,,,,,,,,,,,,,,,,,,,,,,
,,,,Adamant,,,,,Jolly,,,,,Jolly,,,,,Timid,,,,,,,,,,,,,
,,,,Technician,,,,,"Steadfast
Sharpness",,,,,Zen Mode,,,,,Sheer Force,,,,,,,,,,,,,
,,,,Assault Vest,,,,,Galladite,,,,,Charcoal,,,,,Life Orb,,,,,,,,,,,,,
,,,,Brutal Swing,,,,,Psycho Cut,,,,,Flare Blitz,,,,,Earth Power,,,,,,,,,,,,,
,,,,Aqua Jet,,,,,Sacred Sword,,,,,Icicle Crash,,,,,Sludge Wave,,,,,,,,,,,,,
,,,,Mach Punch,,,,,Swords Dance,,,,,U-Turn,,,,,Ice Beam,,,,,,,,,,,,,
,,,,Drain Punch,,,,,Night Slash,,,,,Earthquake,,,,,Flamethrower,,,,,,,,,,,,,
,,,,,,,,,,,,,,,,,,,,,,,,,,,,,,,,
,,,,BASE STATS,,,EVs,,BASE STATS,,,EVs,,BASE STATS,,,EVs,,BASE STATS,,,EVs,,,,,,,,,,
,,,,HP,80,,252,,HP,68,,4,,HP,105,,,,HP,81,,,,,,,,,,,,
,,,,ATK,118,,252,,ATK,165,,252,,ATK,160,,252,,ATK,102,,,,,,,,,,,,
,,,,DEF,90,,,,DEF,95,,,,DEF,55,,4,,DEF,77,,4,,,,,,,,,,
,,,,SPA,70,,,,SPA,65,,,,SPA,30,,,,SPA,85,,252,,,,,,,,,,
,,,,SPD,80,,4,,SPD,115,,,,SPD,55,,,,SPD,75,,,,,,,,,,,,
,,,,SPE,42,,,,SPE,110,,252,,SPE,135,,252,,SPE,85,,252,,,,,,,,,,
,,,,SPEED STAT:,,,120,,SPEED STAT:,,,350,,SPEED STAT:,,,405,,SPEED STAT:,,,295,,,,,,,,,,
,,,,,,,,,,,,,,,,,,,,,,,,,,,,,,,,
,,,,,,,,,,,,,,,,,,,,,,,,,,,,,,,,
,,,,,,,,,,,,,,,,,,,,,,,,,,,,,,,,
,,"KINDLE ROAD
SWIMMER
FINN",,Overqwil,,,,,Barraskewda,,,,,Cloyster,,,,,Drednaw-Mega,,,,,,,,,,,,,
,,,,Highest Lv,,,,,Highest Lv -2,,,,,Highest Lv -1,,,,,Highest Lv,,,,,,,,,,,,,
,,,,,,,,,,,,,,,,,,,,,,,,,,,,,,,,
,,,,,,,,,,,,,,,,,,,,,,,,,,,,,,,,
,,,,Jolly,,,,,Jolly,,,,,Jolly,,,,,Adamant,,,,,,,,,,,,,
,,,,Intimidate,,,,,Swift Swim,,,,,Skill Link,,,,,Strong Jaw (Both),,,,,,,,,,,,,
,,,,Custap Berry,,,,,Mystic Water,,,,,Focus Sash,,,,,Drednawite,,,,,,,,,,,,,
,,,,Poison Jab,,,,,Waterfall,,,,,Shell Smash,,,,,Aqua Fang,,,,,,,,,,,,,
,,,,Throat Chop,,,,,Flip Turn,,,,,Waterfall,,,,,Jaw Lock,,,,,,,,,,,,,
,,,,Toxic Spikes,,,,,Close Combat,,,,,Icicle Spear,,,,,Ice Fang,,,,,,,,,,,,,
,,,,Destiny Bond,,,,,Psychic Fangs,,,,,Rock Blast,,,,,Rock Polish,,,,,,,,,,,,,
,,,,,,,,,,,,,,,,,,,,,,,,,,,,,,,,
,,,,BASE STATS,,,EVs,,BASE STATS,,,EVs,,BASE STATS,,,EVs,,BASE STATS,,,EVs,,,,,,,,,,
,,,,HP,95,,,,HP,61,,,,HP,50,,,,HP,90,,252,,,,,,,,,,
,,,,ATK,115,,252,,ATK,123,,252,,ATK,95,,,,ATK,155,,252,,,,,,,,,,
,,,,DEF,100,,4,,DEF,60,,4,,DEF,180,,4,,DEF,125,,4,,,,,,,,,,
,,,,SPA,55,,,,SPA,60,,,,SPA,85,,252,,SPA,48,,,,,,,,,,,,
,,,,SPD,80,,,,SPD,50,,,,SPD,45,,,,SPD,98,,,,,,,,,,,,
,,,,SPE,85,,252,,SPE,136,,252,,SPE,70,,252,,SPE,85,,,,,,,,,,,,
,,,,SPEED STAT:,,,295,,SPEED STAT:,,,399,,SPEED STAT:,,,259,,SPEED STAT:,,,206,,,,,,,,,,
,,,,,,,,,SWIFT SWIM:,,,798,,,,,,,,,,,,,,,,,,,,
,,,,,,,,,,,,,,,,,,,,,,,,,,,,,,,,
,,,,,,,,,,,,,,,,,,,,,,,,,,,,,,,,
,,,,,,,,,,,,,,,,,,,,,,,,,,,,,,,,
,,"KINDLE ROAD
SWIMMER
MARIA",,Inteleon,,,,,Dragalge,,,,,Starmie,,,,,Basculegion-F,,,,,,,,,,,,,
,,,,Highest Lv,,,,,Highest Lv -1,,,,,Highest Lv -1,,,,,Highest Lv,,,,,,,,,,,,,
,,,,,,,,,,,,,,,,,,,,,,,,,,,,,,,,
,,,,,,,,,,,,,,,,,,,,,,,,,,,,,,,,
,,,,Timid,,,,,Modest,,,,,Timid,,,,,Timid,,,,,,,,,,,,,
,,,,Sniper,,,,,Adaptability,,,,,Illuminate,,,,,Adaptability,,,,,,,,,,,,,
,,,,Scope Lens,,,,,Choice Specs,,,,,Life Orb,,,,,Life Orb,,,,,,,,,,,,,
,,,,Snipe Shot,,,,,Draco Barrage,,,,,Hydro Pump,,,,,Hydro Pump,,,,,,,,,,,,,
,,,,Ice Beam,,,,,Sludge Wave,,,,,Thunder,,,,,Shadow Ball,,,,,,,,,,,,,
,,,,U-Turn,,,,,Flip Turn,,,,,Blizzard,,,,,Ice Beam,,,,,,,,,,,,,
,,,,HP Grass,,,,,Scald,,,,,Psyshock,,,,,Flip Turn,,,,,,,,,,,,,
,,,,,,,,,,,,,,,,,,,,,,,,,,,,,,,,
,,,,BASE STATS,,,EVs,,BASE STATS,,,EVs,,BASE STATS,,,EVs,,BASE STATS,,,EVs,,,,,,,,,,
,,,,HP,70,,,,HP,65,,252,,HP,60,,,,HP,120,,,,,,,,,,,,
,,,,ATK,85,,,,ATK,75,,,,ATK,75,,,,ATK,92,,,,,,,,,,,,
,,,,DEF,65,,4,,DEF,90,,4,,DEF,85,,4,,DEF,65,,4,,,,,,,,,,
,,,,SPA,125,,252,,SPA,97,,252,,SPA,100,,252,,SPA,100,,252,,,,,,,,,,
,,,,SPD,65,,,,SPD,123,,,,SPD,85,,,,SPD,75,,,,,,,,,,,,
,,,,SPE,120,,252,,SPE,44,,,,SPE,115,,252,,SPE,78,,252,,,,,,,,,,
,,,,SPEED STAT:,,,372,,SPEED STAT:,,,122,,SPEED STAT:,,,357,,SPEED STAT:,,,280,,,,,,,,,,
,,,,,,,,,,,,,,,,,,,,,,,,,,,,,,,,
,,,,,,,,,,,,,,,,,,,,,,,,,,,,,,,,
,,,,BATTLE EFFECT: DOUBLES,,,,,,,,,,,,,,,,,,,,,,,,,,,,
,,,,,,,,,,,,,,,,,,,,,,,,,,,,,,,,
,,"KINDLE ROAD
FISHERMAN
TOMMY",,Basculegion,,,,,Gyarados,,,,,Slowbro-Mega,,,,,Slowbro-G,,,,,,,,,,,,,
,,,,Highest Lv,,,,,Highest Lv -2,,,,,Highest Lv,,,,,Highest Lv,,,,,,,,,,,,,
,,,,,,,,,,,,,,,,,,,,,,,,,,,,,,,,
,,,,,,,,,,,,,,,,,,,,,,,,,,,,,,,,
,,,,Jolly,,,,,Jolly,,,,,Bold,,,,,Modest,,,,,,,,,,,,,
,,,,Adaptability,,,,,Moxie,,,,,"Regenerator
Shell Armor",,,,,Regenerator,,,,,,,,,,,,,
,,,,Focus Sash,,,,,Wacan Berry,,,,,Slowbronite,,,,,Choice Specs,,,,,,,,,,,,,
,,,,Wave Crash,,,,,Dragon Dance,,,,,Scald,,,,,Sludge Bomb,,,,,,,,,,,,,
,,,,Phantom Force,,,,,Waterfall,,,,,Psychic,,,,,Psyshock,,,,,,,,,,,,,
,,,,Aqua Jet,,,,,Earthquake,,,,,Calm Mind,,,,,Ice Beam,,,,,,,,,,,,,
,,,,Ice Fang,,,,,Ice Fang,,,,,Slack Off,,,,,Flamethrower,,,,,,,,,,,,,
,,,,,,,,,,,,,,,,,,,,,,,,,,,,,,,,
,,,,BASE STATS,,,EVs,,BASE STATS,,,EVs,,BASE STATS,,,EVs,,BASE STATS,,,EVs,,,,,,,,,,
,,,,HP,120,,,,HP,95,,,,HP,95,,252,,HP,95,,252,,,,,,,,,,
,,,,ATK,112,,252,,ATK,125,,252,,ATK,75,,,,ATK,75,,,,,,,,,,,,
,,,,DEF,65,,4,,DEF,79,,4,,DEF,180,,252,,DEF,105,,4,,,,,,,,,,
,,,,SPA,80,,,,SPA,60,,,,SPA,130,,,,SPA,115,,252,,,,,,,,,,
,,,,SPD,75,,,,SPD,100,,,,SPD,80,,4,,SPD,70,,,,,,,,,,,,
,,,,SPE,78,,252,,SPE,81,,252,,SPE,30,,,,SPE,30,,,,,,,,,,,,
,,,,SPEED STAT:,,,280,,SPEED STAT:,,,280,,SPEED STAT:,,,96,,SPEED STAT:,,,96,,,,,,,,,,
,,,,,,,,,,,,,,,,,,,,,,,,,,,,,,,,
,,,,,,,,,,,,,,,,,,,,,,,,,,,,,,,,
,,,,,,,,,,,,,,,,,,,,,,,,,,,,,,,,
,,"KINDLE ROAD
LEADER
BUGSY",,Pheromosa,,,,,Clawitzer-S,,,,,Genesect-Douse,,,,,Magnezone,,,,,Arceus-Bug,,,,,Pinsir-Mega,,,
,,,,Highest Lv,,,,,Highest Lv,,,,,Highest Lv,,,,,Highest Lv,,,,,Highest Lv,,,,,Highest Lv,,,
,,,,,,,,,,,,,,,,,,,,,,,,,,,,,,,,
,,,,,,,,,,,,,,,,,,,,,,,,,,,,,,,,
,,,,Hasty,,,,,Modest,,,,,Naive,,,,,Timid,,,,,Jolly,,,,,Jolly,,,
,,,,Beast Boost,,,,,Mega Launcher,,,,,Download,,,,,Magnet Pull,,,,,Multitype,,,,,"Hyper Cutter
Aerilate",,,
,,,,Focus Sash,,,,,Focus Sash,,,,,Douse Drive,,,,,Life Orb,,,,,Buginium Z,,,,,Pinsirite,,,
,,,,Close Combat,,,,,Water Pulse,,,,,U-Turn,,,,,Thunderbolt,,,,,X-Scissor,,,,,Megahorn,,,
,,,,Ice Beam,,,,,Dark Pulse,,,,,Techno Blast,,,,,Flash Cannon,,,,,Earthquake,,,,,Extreme Speed,,,
,,,,U-Turn,,,,,Aura Sphere,,,,,Thunderbolt,,,,,Volt Switch,,,,,Iron Head,,,,,Close Combat,,,
,,,,Drill Run,,,,,Bug Buzz,,,,,Ice Beam,,,,,HP Grass,,,,,Swords Dance,,,,,Swords Dance,,,
,,,,,,,,,,,,,,,,,,,,,,,,,,,,,,,,
,,,,BASE STATS,,,EVs,,BASE STATS,,,EVs,,BASE STATS,,,EVs,,BASE STATS,,,EVs,,BASE STATS,,,EVs,,BASE STATS,,,EVs
,,,,HP,71,,,,HP,81,,,,HP,71,,,,HP,70,,,,HP,120,,,,HP,65,,
,,,,ATK,137,,252,,ATK,63,,,,ATK,120,,,,ATK,70,,,,ATK,120,,252,,ATK,155,,252
,,,,DEF,37,,,,DEF,83,,4,,DEF,95,,4,,DEF,115,,4,,DEF,120,,4,,DEF,120,,4
,,,,SPA,137,,,,SPA,110,,252,,SPA,120,,252,,SPA,130,,252,,SPA,120,,,,SPA,65,,
,,,,SPD,37,,,,SPD,79,,,,SPD,95,,,,SPD,90,,,,SPD,120,,,,SPD,90,,
,,,,SPE,151,,252,,SPE,97,,252,,SPE,99,,252,,SPE,60,,252,,SPE,120,,252,,SPE,105,,252
,,,,SPEED STAT:,,,441,,SPEED STAT:,,,293,,SPEED STAT:,,,326,,SPEED STAT:,,,240,,SPEED STAT:,,,372,,SPEED STAT:,,,305
,,,,1 B. BOOST:,,,661,,,,,,,,,,,,,,,,,,,,,,,,,
,,,,,,,,,,,,,,,,,,,,,,,,,,,,,,,,
,,,,,,,,,,,,,,,,,,,,,,,,,,,,,,,,
,,,,,,,,,,,,,,,,,,,,,,,,,,,,,,,,
,,"MT. EMBER
RANGER
BETH",,Scizor,,,,,Haxorus,,,,,Golem,,,,,Manectric-Mega,,,,,,,,,,,,,
,,,,Highest Lv,,,,,Highest Lv -1,,,,,Highest Lv -1,,,,,Highest Lv,,,,,,,,,,,,,
,,,,,,,,,,,,,,,,,,,,,,,,,,,,,,,,
,,,,,,,,,,,,,,,,,,,,,,,,,,,,,,,,
,,,,Adamant,,,,,Jolly,,,,,Adamant,,,,,Timid,,,,,,,,,,,,,
,,,,Technician,,,,,Mold Breaker,,,,,Sturdy,,,,,Intimidate (Both),,,,,,,,,,,,,
,,,,Assault Vest,,,,,Lum Berry,,,,,Custap Berry,,,,,Manectite,,,,,,,,,,,,,
,,,,Bullet Punch,,,,,Swords Dance,,,,,Headlong Rush,,,,,Volt Switch,,,,,,,,,,,,,
,,,,U-Turn,,,,,Scale Shot,,,,,Stone Edge,,,,,HP Grass,,,,,,,,,,,,,
,,,,Rock Smash,,,,,Poison Jab,,,,,Sucker Punch,,,,,Flamethrower,,,,,,,,,,,,,
,,,,Dual Wingbeat,,,,,Close Combat,,,,,Explosion,,,,,Thunderbolt,,,,,,,,,,,,,
,,,,,,,,,,,,,,,,,,,,,,,,,,,,,,,,
,,,,BASE STATS,,,EVs,,BASE STATS,,,EVs,,BASE STATS,,,EVs,,BASE STATS,,,EVs,,,,,,,,,,
,,,,HP,70,,252,,HP,76,,,,HP,80,,252,,HP,70,,,,,,,,,,,,
,,,,ATK,130,,252,,ATK,147,,252,,ATK,120,,252,,ATK,75,,,,,,,,,,,,
,,,,DEF,100,,4,,DEF,90,,4,,DEF,130,,4,,DEF,80,,4,,,,,,,,,,
,,,,SPA,55,,,,SPA,60,,,,SPA,55,,,,SPA,135,,252,,,,,,,,,,
,,,,SPD,80,,,,SPD,70,,,,SPD,65,,,,SPD,80,,,,,,,,,,,,
,,,,SPE,65,,,,SPE,97,,252,,SPE,45,,,,SPE,135,,252,,,,,,,,,,
,,,,SPEED STAT:,,,166,,SPEED STAT:,,,319,,SPEED STAT:,,,124,,SPEED STAT:,,,405,,,,,,,,,,
,,,,,,,,,,,,,,,,,,,,,,,,,,,,,,,,
,,,,,,,,,,,,,,,,,,,,,,,,,,,,,,,,
,,,,,,,,,,,,,,,,,,,,,,,,,,,,,,,,
,,"MT. EMBER
GATEKEEPER
LOGAN",,Yanmega,,,,,Arcanine-H,,,,,Altaria-Mega,,,,,Feraligatr,,,,,,,,,,,,,
,,,,Highest Lv,,,,,Highest Lv -1,,,,,Highest Lv,,,,,Highest Lv,,,,,,,,,,,,,
,,,,,,,,,,,,,,,,,,,,,,,,,,,,,,,,
,,,,,,,,,,,,,,,,,,,,,,,,,,,,,,,,
,,,,Timid,,,,,Jolly,,,,,Jolly,,,,,Jolly,,,,,,,,,,,,,
,,,,Tinted Lens,,,,,Rock Head,,,,,"Natural Cure
Pixilate",,,,,Sheer Force,,,,,,,,,,,,,
,,,,Choice Specs,,,,,Hard Stone,,,,,Altarianite,,,,,Life Orb,,,,,,,,,,,,,
,,,,Bug Buzz,,,,,Head Smash,,,,,Dragon Dance,,,,,Liquidation,,,,,,,,,,,,,
,,,,Air Slash,,,,,Flare Blitz,,,,,Return,,,,,Aqua Jet,,,,,,,,,,,,,
,,,,U-Turn,,,,,Accelerock,,,,,Earthquake,,,,,Crunch,,,,,,,,,,,,,
,,,,Giga Drain,,,,,Close Combat,,,,,Roost,,,,,Ice Punch,,,,,,,,,,,,,
,,,,,,,,,,,,,,,,,,,,,,,,,,,,,,,,
,,,,BASE STATS,,,EVs,,BASE STATS,,,EVs,,BASE STATS,,,EVs,,BASE STATS,,,EVs,,,,,,,,,,
,,,,HP,86,,,,HP,95,,,,HP,85,,,,HP,85,,,,,,,,,,,,
,,,,ATK,76,,,,ATK,125,,252,,ATK,110,,252,,ATK,105,,252,,,,,,,,,,
,,,,DEF,86,,4,,DEF,80,,4,,DEF,110,,4,,DEF,100,,4,,,,,,,,,,
,,,,SPA,116,,252,,SPA,85,,,,SPA,110,,,,SPA,79,,,,,,,,,,,,
,,,,SPD,56,,,,SPD,80,,,,SPD,105,,,,SPD,83,,,,,,,,,,,,
,,,,SPE,95,,252,,SPE,90,,252,,SPE,80,,252,,SPE,78,,252,,,,,,,,,,
,,,,SPEED STAT:,,,317,,SPEED STAT:,,,303,,SPEED STAT:,,,284,,SPEED STAT:,,,280,,,,,,,,,,
,,,,,,,,,,,,,,,,,,,,,,,,,,,,,,,,
,,,,,,,,,,,,,,,,,,,,,,,,,,,,,,,,
,,,,,,,,,,,,,,,,,,,,,,,,,,,,,,,,
,,"MT. EMBER
CRUSH GIRL
JOCELYN",,Dudunsparce,,,,,Archeops,,,,,Togekiss,,,,,Huntail,,,,,,,,,,,,,
,,,,Highest Lv,,,,,Highest Lv,,,,,Highest Lv,,,,,Highest Lv,,,,,,,,,,,,,
,,,,,,,,,,,,,,,,,,,,,,,,,,,,,,,,
,,,,,,,,,,,,,,,,,,,,,,,,,,,,,,,,
,,,,Adamant,,,,,Jolly,,,,,Jolly,,,,,Naughty,,,,,,,,,,,,,
,,,,Serene Grace,,,,,Defeatist,,,,,Serene Grace,,,,,Intimidate,,,,,,,,,,,,,
,,,,Leftovers,,,,,Mystic Water,,,,,Leftovers,,,,,White Herb,,,,,,,,,,,,,
,,,,Body Slam,,,,,Rock Slide,,,,,Thunder Wave,,,,,Shell Smash,,,,,,,,,,,,,
,,,,Glare,,,,,Brave Bird,,,,,Air Slash,,,,,Waterfall,,,,,,,,,,,,,
,,,,Headbutt,,,,,U-Turn,,,,,Extrasensory,,,,,Psychic Fangs,,,,,,,,,,,,,
,,,,Zen Headbutt,,,,,Roost,,,,,Flamethrower,,,,,Ice Beam,,,,,,,,,,,,,
,,,,,,,,,,,,,,,,,,,,,,,,,,,,,,,,
,,,,BASE STATS,,,EVs,,BASE STATS,,,EVs,,BASE STATS,,,EVs,,BASE STATS,,,EVs,,,,,,,,,,
,,,,HP,125,,252,,HP,75,,,,HP,85,,,,HP,55,,,,,,,,,,,,
,,,,ATK,100,,252,,ATK,140,,252,,ATK,50,,,,ATK,104,,252,,,,,,,,,,
,,,,DEF,80,,,,DEF,65,,4,,DEF,95,,,,DEF,105,,,,,,,,,,,,
,,,,SPA,85,,,,SPA,112,,,,SPA,120,,252,,SPA,94,,4,,,,,,,,,,
,,,,SPD,75,,,,SPD,65,,,,SPD,115,,,,SPD,75,,,,,,,,,,,,
,,,,SPE,55,,4,,SPE,110,,252,,SPE,80,,252,,SPE,52,,252,,,,,,,,,,
,,,,SPEED STAT:,,,147,,SPEED STAT:,,,350,,SPEED STAT:,,,284,,SPEED STAT:,,,203,,,,,,,,,,
,,,,,,,,,,,,,,,,,,,,,,,,,,,,,,,,
,,,,,,,,,,,,,,,,,,,,,,,,,,,,,,,,
,,,,,,,,,,,,,,,,,,,,,,,,,,,,,,,,
,,"MT. EMBER
ARIANA",,Ambipom,,,,,Weavile,,,,,Victini,,,,,Toxapex,,,,,Mawile-Mega,,,,,Xerneas,,,
,,,,Highest Lv,,,,,Highest Lv,,,,,Highest Lv,,,,,Highest Lv,,,,,Highest Lv,,,,,Highest Lv,,,
,,,,,,,,,,,,,,,,,,,,,,,,,,,,,,,,
,,,,,,,,,,,,,,,,,,,,,,,,,,,,,,,,
,,,,Jolly,,,,,Jolly,,,,,Timid,,,,,Bold,,,,,Adamant,,,,,Modest,,,
,,,,Technician,,,,,Pressure,,,,,Victory Star,,,,,Regenerator,,,,,"Hyper Cutter or Intimidate
Huge Power",,,,,Fairy Aura,,,
,,,,Life Orb,,,,,Focus Sash,,,,,Normalium Z,,,,,Black Sludge,,,,,Mawilite,,,,,Power Herb,,,
,,,,Fake Out,,,,,Triple Axel,,,,,Celebrate,,,,,Haze,,,,,Iron Head,,,,,Geomancy,,,
,,,,Arm Thrust,,,,,Ice Shard,,,,,Searing Shot,,,,,Scald,,,,,Play Rough,,,,,Drain Kiss,,,
,,,,Beat Up,,,,,Low Kick,,,,,Stored Power,,,,,Toxic,,,,,Sucker Punch,,,,,Thunderbolt,,,
,,,,U-Turn,,,,,Night Slash,,,,,Energy Ball,,,,,Knock Off,,,,,Thunder Punch,,,,,Moonblast,,,
,,,,,,,,,,,,,,,,,,,,,,,,,,,,,,,,
,,,,BASE STATS,,,EVs,,BASE STATS,,,EVs,,BASE STATS,,,EVs,,BASE STATS,,,EVs,,BASE STATS,,,EVs,,BASE STATS,,,EVs
,,,,HP,75,,6,,HP,70,,6,,HP,100,,6,,HP,50,,252,,HP,50,,252,,HP,126,,252
,,,,ATK,100,,252,,ATK,120,,252,,ATK,100,,,,ATK,63,,,,ATK,105,,252,,ATK,131,,
,,,,DEF,66,,,,DEF,65,,,,DEF,100,,,,DEF,152,,252,,DEF,125,,,,DEF,95,,
,,,,SPA,60,,,,SPA,45,,,,SPA,100,,252,,SPA,53,,,,SPA,55,,,,SPA,131,,252
,,,,SPD,66,,,,SPD,85,,,,SPD,100,,,,SPD,142,,,,SPD,95,,,,SPD,98,,
,,,,SPE,115,,252,,SPE,125,,252,,SPE,100,,252,,SPE,35,,,,SPE,50,,6,,SPE,99,,6
,,,,SPEED STAT:,,,361,,SPEED STAT:,,,383,,SPEED STAT:,,,328,,SPEED STAT:,,,106,,SPEED STAT:,,,137,,SPEED STAT:,,,235
,,,,,,,,,,,,,,Z-CELEBRATE:,,,492,,,,,,,,,,,,GEOMANCY:,,,470
,,,,,,,,,,,,,,,,,,,,,,,,,,,,,,,,
,,,,,,,,,,,,,,,,,,,,,,,,,,,,,,,,
,,,,BATTLE EFFECT: DOUBLES + PERMANENT SUN,,,,,,,,,,,,,,,,,,,,,,,,,,,,
,,,,,,,,,,,,,,,,,,,,,,,,,,,,,,,,
,,"MT. EMBER
ARCHER",,Aerodactyl,,,,,Heliolisk,,,,,Latias-Mega,,,,,Houndoom-Mega,,,,,Mismagius,,,,,Heatran,,,
,,,,Highest Lv,,,,,Highest Lv,,,,,Highest Lv,,,,,Highest Lv,,,,,Highest Lv,,,,,Highest Lv,,,
,,,,,,,,,,,,,,,,,,,,,,,,,,,,,,,,
,,,,,,,,,,,,,,,,,,,,,,,,,,,,,,,,
,,,,Jolly,,,,,Timid,,,,,Timid,,,,,Timid,,,,,Timid,,,,,Timid,,,
,,,,"Pressure
or Rock Head",,,,,Solar Power,,,,,Levitate (Both),,,,,"Flash Fire
Solar Power",,,,,Levitate,,,,,Flash Fire,,,
,,,,Sharp Beak,,,,,Focus Sash,,,,,Latiasite,,,,,Houndoominite,,,,,Ghostium Z,,,,,Air Balloon,,,
,,,,Brave Bird,,,,,Hyper Voice,,,,,Thunderbolt,,,,,Fiery Wrath,,,,,Shadow Ball,,,,,Protect,,,
,,,,Stone Edge,,,,,Thunderbolt,,,,,Ice Beam,,,,,Flamethrower,,,,,Moonblast,,,,,Flamethrower,,,
,,,,Earthquake,,,,,Grass Knot,,,,,Calm Mind,,,,,Sludge Bomb,,,,,Mystical Fire,,,,,Flash Cannon,,,
,,,,Fire Fang,,,,,Volt Switch,,,,,Psyshock,,,,,Solar Beam,,,,,Thunderbolt,,,,,Earthquake,,,
,,,,,,,,,,,,,,,,,,,,,,,,,,,,,,,,
,,,,BASE STATS,,,EVs,,BASE STATS,,,EVs,,BASE STATS,,,EVs,,BASE STATS,,,EVs,,BASE STATS,,,EVs,,BASE STATS,,,EVs
,,,,HP,80,,6,,HP,62,,6,,HP,80,,252,,HP,75,,6,,HP,70,,6,,HP,91,,6
,,,,ATK,105,,252,,ATK,55,,,,ATK,100,,,,ATK,110,,,,ATK,60,,,,ATK,90,,
,,,,DEF,65,,,,DEF,52,,,,DEF,120,,,,DEF,90,,,,DEF,70,,,,DEF,106,,
,,,,SPA,60,,,,SPA,109,,252,,SPA,140,,4,,SPA,140,,252,,SPA,105,,252,,SPA,130,,252
,,,,SPD,75,,,,SPD,94,,,,SPD,150,,,,SPD,90,,,,SPD,105,,,,SPD,106,,
,,,,SPE,130,,252,,SPE,109,,252,,SPE,110,,252,,SPE,115,,252,,SPE,105,,252,,SPE,77,,252
,,,,SPEED STAT:,,,394,,SPEED STAT:,,,348,,SPEED STAT:,,,350,,SPEED STAT:,,,361,,SPEED STAT:,,,339,,SPEED STAT:,,,278
,,,,,,,,,,,,,,,,,,,,,,,,,,,,,,,,
,,,,,,,,,,,,,,,,,,,,,,,,,,,,,,,,
,,,,BATTLE EFFECT: INVERSE BATTLE,,,,,,,,,(INVERSE TYPE CHART CLICK HERE),,,,,,,,,,,,,,,,,,,
,,,,,,,,,,,,,,,,,,,,,,,,,,,,,,,,
,,"TWO ISLAND
WHITNEY",,Zangoose,,,,,Miltank,,,,,Exploud,,,,,Zoroark-H,,,,,Ursaluna,,,,,Snorlax,,,
,,,,Highest Lv,,,,,Highest Lv,,,,,Highest Lv,,,,,Highest Lv,,,,,Highest Lv,,,,,Highest Lv,,,
,,,,,,,,,,,,,,,,,,,,,,,,,,,,,,,,
,,,,,,,,,,,,,,,,,,,,,,,,,,,,,,,,
,,,,Jolly,,,,,Jolly,,,,,Timid,,,,,Timid,,,,,Adamant,,,,,Impish,,,
,,,,Toxic Boost,,,,,Thick Fat,,,,,Punk Rock,,,,,Illusion,,,,,Guts,,,,,Thick Fat,,,
,,,,Toxic Orb,,,,,Kasib Berry,,,,,Choice Scarf,,,,,Focus Sash,,,,,Flame Orb,,,,,Leftovers,,,
,,,,Facade,,,,,Body Slam,,,,,Boomburst,,,,,Shadow Ball,,,,,Facade,,,,,Curse,,,
,,,,Close Combat,,,,,Thunder Wave,,,,,-,,,,,Hyper Voice,,,,,Earthquake,,,,,Rest,,,
,,,,Quick Attack,,,,,Stealth Rock,,,,,-,,,,,Flamethrower,,,,,Sucker Punch,,,,,Sleep Talk,,,
,,,,Fake Out,,,,,Milk Drink,,,,,-,,,,,U-Turn,,,,,Shadow Claw,,,,,Body Slam,,,
,,,,,,,,,,,,,,,,,,,,,,,,,,,,,,,,
,,,,BASE STATS,,,EVs,,BASE STATS,,,EVs,,BASE STATS,,,EVs,,BASE STATS,,,EVs,,BASE STATS,,,EVs,,BASE STATS,,,EVs
,,,,HP,73,,,,HP,95,,,,HP,104,,,,HP,55,,,,HP,130,,252,,HP,160,,252
,,,,ATK,115,,252,,ATK,85,,252,,ATK,81,,,,ATK,100,,,,ATK,140,,252,,ATK,110,,252
,,,,DEF,70,,4,,DEF,105,,4,,DEF,63,,4,,DEF,60,,4,,DEF,105,,4,,DEF,65,,4
,,,,SPA,60,,,,SPA,40,,,,SPA,91,,252,,SPA,125,,252,,SPA,45,,,,SPA,65,,
,,,,SPD,70,,,,SPD,70,,,,SPD,73,,,,SPD,60,,,,SPD,80,,,,SPD,110,,
,,,,SPE,100,,252,,SPE,100,,252,,SPE,73,,252,,SPE,110,,252,,SPE,50,,,,SPE,30,,
,,,,SPEED STAT:,,,328,,SPEED STAT:,,,328,,SPEED STAT:,,,269,,SPEED STAT:,,,350,,SPEED STAT:,,,136,,SPEED STAT:,,,96
,,,,,,,,,,,,,,CHOI. SCARF:,,,403,,,,,,,,,,,,,,,
,,,,,,,,,,,,,,,,,,,,,,,,,,,,,,,,
,,,,,,,,,,,,,,,,,,,,,,,,,,,,,,,,
,,,,,,,,,,,,,,,,,,,,,,,,,,,,,,,,
,,"JOYFUL
GAME CORNER
ACE TRAINER
ANDREW",,Infernape,,,,,Sceptile-Mega,,,,,Torterra,,,,,Blaziken-Mega,,,,,Greninja,,,,,Inteleon,,,
,,,,Highest Lv,,,,,Highest Lv,,,,,Highest Lv,,,,,Highest Lv,,,,,Highest Lv,,,,,Highest Lv,,,
,,,,,,,,,,,,,,,,,,,,,,,,,,,,,,,,
,,,,,,,,,,,,,,,,,,,,,,,,,,,,,,,,
,,,,Jolly,,,,,Jolly,,,,,Jolly,,,,,Jolly,,,,,Timid,,,,,Timid,,,
,,,,Blaze,,,,,"Overgrow
Technician",,,,,Rock Head,,,,,"Striker
Speed Boost",,,,,Battle Bond,,,,,Sniper,,,
,,,,Focus Sash,,,,,Sceptilite,,,,,Yache Berry,,,,,Blazikenite,,,,,Life Orb,,,,,Scope Lens,,,
,,,,Pyro Ball,,,,,Swords Dance,,,,,Shell Smash,,,,,Close Combat,,,,,Hydro Cannon,,,,,Snipe Shot,,,
,,,,Close Combat,,,,,Bullet Seed,,,,,Wood Hammer,,,,,Flare Blitz,,,,,Dark Hole,,,,,Ice Beam,,,
,,,,Thunder Punch,,,,,Scale Shot,,,,,Headlong Rush,,,,,Knock Off,,,,,Ice Beam,,,,,HP Grass,,,
,,,,Stealth Rock,,,,,Rock Tomb,,,,,Head Smash,,,,,U-Turn,,,,,U-Turn,,,,,U-Turn,,,
,,,,,,,,,,,,,,,,,,,,,,,,,,,,,,,,
,,,,BASE STATS,,,EVs,,BASE STATS,,,EVs,,BASE STATS,,,EVs,,BASE STATS,,,EVs,,BASE STATS,,,EVs,,BASE STATS,,,EVs
,,,,HP,76,,,,HP,70,,,,HP,95,,,,HP,80,,,,HP,72,,,,HP,70,,
,,,,ATK,110,,252,,ATK,135,,252,,ATK,109,,252,,ATK,160,,252,,ATK,95,,,,ATK,85,,
,,,,DEF,71,,4,,DEF,75,,4,,DEF,105,,4,,DEF,80,,4,,DEF,67,,4,,DEF,65,,4
,,,,SPA,110,,,,SPA,110,,,,SPA,75,,,,SPA,130,,,,SPA,103,,252,,SPA,125,,252
,,,,SPD,71,,,,SPD,85,,,,SPD,85,,,,SPD,80,,,,SPD,71,,,,SPD,65,,
,,,,SPE,113,,252,,SPE,145,,252,,SPE,56,,252,,SPE,100,,252,,SPE,122,,252,,SPE,120,,252
,,,,SPEED STAT:,,,357,,SPEED STAT:,,,427,,SPEED STAT:,,,232,,SPEED STAT:,,,328,,SPEED STAT:,,,377,,SPEED STAT:,,,372
,,,,,,,,,,,,,,,,,,,1 S. BOOST:,,,492,,BATTLE BOND:,,,565,,,,,
,,,,,,,,,,,,,,,,,,,,,,,,,,,,,,,,
,,,,,,,,,,,,,,,,,,,,,,,,,,,,,,,,
,,,,,,,,,,,,,,,,,,,,,,,,,,,,,,,,
,,"CAPE BRINK
CHANNELER
RACHEL",,Grimmsnarl,,,,,Moltres-G,,,,,Zoroark,,,,,Sneasler,,,,,Absol-Mega,,,,,Bisharp,,,
,,,,Highest Lv,,,,,Highest Lv,,,,,Highest Lv,,,,,Highest Lv,,,,,Highest Lv,,,,,Highest Lv,,,
,,,,,,,,,,,,,,,,,,,,,,,,,,,,,,,,
,,,,,,,,,,,,,,,,,,,,,,,,,,,,,,,,
,,,,Relaxed,,,,,Timid,,,,,Hasty,,,,,Jolly,,,,,Jolly,,,,,Jolly,,,
,,,,Prankster,,,,,Berserk,,,,,Illusion,,,,,Poison Touch,,,,,"Super Luck
Sharpness",,,,,Defiant,,,
,,,,Light Clay,,,,,Sitrus Berry,,,,,Choice Scarf,,,,,Life Orb,,,,,Absolite,,,,,Eviolite,,,
,,,,Fake Out,,,,,Dark Hole,,,,,U-Turn,,,,,Poison Jab,,,,,Night Slash,,,,,Knock Off,,,
,,,,Reflect,,,,,Agility,,,,,Focus Blast,,,,,Close Combat,,,,,Swords Dance,,,,,Sucker Punch,,,
,,,,Light Screen,,,,,Hurricane,,,,,Dark Hole,,,,,Ice Punch,,,,,Psycho Cut,,,,,Iron Head,,,
,,,,Toxic,,,,,Roost,,,,,Flamethrower,,,,,Earthquake,,,,,Play Rough,,,,,Stone Edge,,,
,,,,,,,,,,,,,,,,,,,,,,,,,,,,,,,,
,,,,BASE STATS,,,EVs,,BASE STATS,,,EVs,,BASE STATS,,,EVs,,BASE STATS,,,EVs,,BASE STATS,,,EVs,,BASE STATS,,,EVs
,,,,HP,95,,252,,HP,90,,4,,HP,60,,4,,HP,80,,4,,HP,65,,4,,HP,65,,4
,,,,ATK,120,,,,ATK,85,,,,ATK,105,,,,ATK,130,,252,,ATK,150,,252,,ATK,125,,252
,,,,DEF,65,,252,,DEF,90,,,,DEF,60,,,,DEF,60,,,,DEF,60,,,,DEF,100,,
,,,,SPA,95,,,,SPA,100,,252,,SPA,120,,252,,SPA,40,,,,SPA,115,,,,SPA,60,,
,,,,SPD,75,,,,SPD,125,,,,SPD,60,,,,SPD,80,,,,SPD,60,,,,SPD,70,,
,,,,SPE,60,,,,SPE,90,,252,,SPE,105,,252,,SPE,120,,252,,SPE,115,,252,,SPE,70,,252
,,,,SPEED STAT:,,,140,,SPEED STAT:,,,306,,SPEED STAT:,,,339,,SPEED STAT:,,,372,,SPEED STAT:,,,361,,SPEED STAT:,,,262
,,,,,,,,,,,,,,CHOI. SCARF:,,,508,,,,,,,,,,,,,,,
,,,,,,,,,,,,,,,,,,,,,,,,,,,,,,,,
,,,,,,,,,,,,,,,,,,,,,,,,,,,,,,,,
,,,,,,,,,,,,,,,,,,,,,,,,,,,,,,,,
,,"THREE ISLAND
GOON 1",,Overqwil,,,,,Dusknoir,,,,,,,,,,,,,,,,,,,,,,,
,,,,Highest Lv -1,,,,,Highest Lv,,,,,,,,,,,,,,,,,,,,,,,
,,,,,,,,,,,,,,,,,,,,,,,,,,,,,,,,
,,,,,,,,,,,,,,,,,,,,,,,,,,,,,,,,
,,,,Jolly,,,,,Adamant,,,,,,,,,,,,,,,,,,,,,,,
,,,,Intimidate,,,,,Hustle,,,,,,,,,,,,,,,,,,,,,,,
,,,,Dark Gem,,,,,Reaper Cloth,,,,,,,,,,,,,,,,,,,,,,,
,,,,Knock Off,,,,,Shadow Punch,,,,,,,,,,,,,,,,,,,,,,,
,,,,Gunk Shot,,,,,Dynamic Punch,,,,,,,,,,,,,,,,,,,,,,,
,,,,Waterfall,,,,,Shadow Sneak,,,,,,,,,,,,,,,,,,,,,,,
,,,,Thunder Wave,,,,,Ice Punch,,,,,,,,,,,,,,,,,,,,,,,
,,,,,,,,,,,,,,,,,,,,,,,,,,,,,,,,
,,,,BASE STATS,,,EVs,,BASE STATS,,,EVs,,,,,,,,,,,,,,,,,,,,
,,,,HP,95,,252,,HP,45,,252,,,,,,,,,,,,,,,,,,,,
,,,,ATK,115,,252,,ATK,100,,252,,,,,,,,,,,,,,,,,,,,
,,,,DEF,100,,4,,DEF,135,,4,,,,,,,,,,,,,,,,,,,,
,,,,SPA,55,,,,SPA,65,,,,,,,,,,,,,,,,,,,,,,
,,,,SPD,80,,,,SPD,135,,,,,,,,,,,,,,,,,,,,,,
,,,,SPE,85,,,,SPE,45,,,,,,,,,,,,,,,,,,,,,,
,,,,SPEED STAT:,,,223,,SPEED STAT:,,,126,,,,,,,,,,,,,,,,,,,,
,,,,,,,,,,,,,,,,,,,,,,,,,,,,,,,,
,,,,,,,,,,,,,,,,,,,,,,,,,,,,,,,,
,,,,BATTLE EFFECT: DOUBLES,,,,,,,,,,,,,,,,,,,,,,,,,,,,
,,,,,,,,,,,,,,,,,,,,,,,,,,,,,,,,
,,"THREE ISLAND
GOON 2",,Grimmsnarl,,,,,Flygon,,,,,Kleavor,,,,,,,,,,,,,,,,,,
,,,,Highest Lv -2,,,,,Highest Lv,,,,,Highest Lv -2,,,,,,,,,,,,,,,,,,
,,,,,,,,,,,,,,,,,,,,,,,,,,,,,,,,
,,,,,,,,,,,,,,,,,,,,,,,,,,,,,,,,
,,,,Impish,,,,,Jolly,,,,,Jolly,,,,,,,,,,,,,,,,,,
,,,,Prankster,,,,,Tinted Lens,,,,,Technician,,,,,,,,,,,,,,,,,,
,,,,Light Clay,,,,,Groundium Z,,,,,Rock Gem,,,,,,,,,,,,,,,,,,
,,,,Reflect,,,,,Headlong Rush,,,,,Accelerock,,,,,,,,,,,,,,,,,,
,,,,Light Screen,,,,,Dragon Rush,,,,,U-Turn,,,,,,,,,,,,,,,,,,
,,,,Thunder Wave,,,,,U-Turn,,,,,Close Combat,,,,,,,,,,,,,,,,,,
,,,,Spirit Break,,,,,Fire Punch,,,,,Stone Edge,,,,,,,,,,,,,,,,,,
,,,,,,,,,,,,,,,,,,,,,,,,,,,,,,,,
,,,,BASE STATS,,,EVs,,BASE STATS,,,EVs,,BASE STATS,,,EVs,,,,,,,,,,,,,,,
,,,,HP,95,,252,,HP,100,,,,HP,85,,,,,,,,,,,,,,,,,
,,,,ATK,120,,,,ATK,100,,252,,ATK,135,,252,,,,,,,,,,,,,,,
,,,,DEF,65,,252,,DEF,80,,4,,DEF,95,,4,,,,,,,,,,,,,,,
,,,,SPA,95,,,,SPA,100,,,,SPA,30,,,,,,,,,,,,,,,,,
,,,,SPD,75,,,,SPD,80,,,,SPD,70,,,,,,,,,,,,,,,,,
,,,,SPE,60,,4,,SPE,100,,252,,SPE,85,,252,,,,,,,,,,,,,,,
,,,,SPEED STAT:,,,153,,SPEED STAT:,,,328,,SPEED STAT:,,,289,,,,,,,,,,,,,,,
,,,,,,,,,,,,,,,,,,,,,,,,,,,,,,,,
,,,,,,,,,,,,,,,,,,,,,,,,,,,,,,,,
,,,,,,,,,,,,,,,,,,,,,,,,,,,,,,,,
,,"THREE ISLAND
GOON 3",,Avalugg-H,,,,,Braviary-H,,,,,Sharpedo-Mega,,,,,,,,,,,,,,,,,,
,,,,Highest Lv -2,,,,,Highest Lv -1,,,,,Highest Lv,,,,,,,,,,,,,,,,,,
,,,,,,,,,,,,,,,,,,,,,,,,,,,,,,,,
,,,,,,,,,,,,,,,,,,,,,,,,,,,,,,,,
,,,,Adamant,,,,,Modest,,,,,Jolly,,,,,,,,,,,,,,,,,,
,,,,Technician,,,,,Sheer Force,,,,,"Speed Boost
Strong Jaw",,,,,,,,,,,,,,,,,,
,,,,Focus Sash,,,,,Life Orb,,,,,Sharpedonite,,,,,,,,,,,,,,,,,,
,,,,Rock Blast,,,,,Hurricane,,,,,Protect,,,,,,,,,,,,,,,,,,
,,,,Icicle Spear,,,,,Psychic,,,,,Aqua Fang,,,,,,,,,,,,,,,,,,
,,,,Headlong Rush,,,,,Heat Wave,,,,,Crunch,,,,,,,,,,,,,,,,,,
,,,,Ice Shard,,,,,Esper Wing,,,,,Close Combat,,,,,,,,,,,,,,,,,,
,,,,,,,,,,,,,,,,,,,,,,,,,,,,,,,,
,,,,BASE STATS,,,EVs,,BASE STATS,,,EVs,,BASE STATS,,,EVs,,,,,,,,,,,,,,,
,,,,HP,100,,252,,HP,115,,252,,HP,70,,,,,,,,,,,,,,,,,
,,,,ATK,132,,252,,ATK,58,,,,ATK,140,,252,,,,,,,,,,,,,,,
,,,,DEF,184,,4,,DEF,80,,4,,DEF,70,,4,,,,,,,,,,,,,,,
,,,,SPA,34,,,,SPA,112,,252,,SPA,110,,,,,,,,,,,,,,,,,
,,,,SPD,36,,,,SPD,80,,,,SPD,65,,,,,,,,,,,,,,,,,
,,,,SPE,38,,,,SPE,65,,,,SPE,105,,252,,,,,,,,,,,,,,,
,,,,SPEED STAT:,,,90,,SPEED STAT:,,,164,,SPEED STAT:,,,339,,,,,,,,,,,,,,,
,,,,,,,,,,,,,,1 S. BOOST:,,,508,,,,,,,,,,,,,,,
,,,,,,,,,,,,,,,,,,,,,,,,,,,,,,,,
,,,,,,,,,,,,,,,,,,,,,,,,,,,,,,,,
,,,,,,,,,,,,,,,,,,,,,,,,,,,,,,,,
,,"THREE ISLAND
GANG BOSS",,Emboar,,,,,Centiskorch-MegaS,,,,,Goodra-H,,,,,Hawlucha,,,,,,,,,,,,,
,,,,Highest Lv,,,,,Highest Lv,,,,,Highest Lv,,,,,Highest Lv,,,,,,,,,,,,,
,,,,,,,,,,,,,,,,,,,,,,,,,,,,,,,,
,,,,,,,,,,,,,,,,,,,,,,,,,,,,,,,,
,,,,Jolly,,,,,Jolly,,,,,Modest,,,,,Jolly,,,,,,,,,,,,,
,,,,Bull Rush,,,,,"White Smoke
Sand Force",,,,,Sap Sipper,,,,,Unburden,,,,,,,,,,,,,
,,,,Fightinium Z,,,,,Centiskite,,,,,Assault Vest,,,,,Flying Gem,,,,,,,,,,,,,
,,,,Close Combat,,,,,Earthquake,,,,,Dragon Pulse,,,,,Swords Dance,,,,,,,,,,,,,
,,,,Flare Blitz,,,,,Leech Life,,,,,Flash Cannon,,,,,Acrobatics,,,,,,,,,,,,,
,,,,Head Smash,,,,,Coil,,,,,Flamethrower,,,,,Close Combat,,,,,,,,,,,,,
,,,,Wild Charge,,,,,Stone Edge,,,,,Sludge Bomb,,,,,Throat Chop,,,,,,,,,,,,,
,,,,,,,,,,,,,,,,,,,,,,,,,,,,,,,,
,,,,BASE STATS,,,EVs,,BASE STATS,,,EVs,,BASE STATS,,,EVs,,BASE STATS,,,EVs,,,,,,,,,,
,,,,HP,110,,,,HP,100,,,,HP,80,,252,,HP,78,,,,,,,,,,,,
,,,,ATK,123,,252,,ATK,150,,252,,ATK,100,,,,ATK,92,,252,,,,,,,,,,
,,,,DEF,65,,4,,DEF,80,,4,,DEF,100,,4,,DEF,75,,4,,,,,,,,,,
,,,,SPA,100,,,,SPA,75,,,,SPA,110,,252,,SPA,74,,,,,,,,,,,,
,,,,SPD,65,,,,SPD,100,,,,SPD,150,,,,SPD,63,,,,,,,,,,,,
,,,,SPE,65,,252,,SPE,120,,252,,SPE,60,,,,SPE,118,,252,,,,,,,,,,
,,,,SPEED STAT:,,,251,,SPEED STAT:,,,372,,SPEED STAT:,,,156,,SPEED STAT:,,,368,,,,,,,,,,
,,,,BULL RUSH:,,,376,,,,,,,,,,,,UNBURDEN:,,,736,,,,,,,,,,
,,,,,,,,,,,,,,,,,,,,,,,,,,,,,,,,
,,,,,,,,,,,,,,,,,,,,,,,,,,,,,,,,
,,,,BATTLE EFFECT: DOUBLES,,,,,,,,,,,,,,,,,,,,,,,,,,,,
,,,,,,,,,,,,,,,,,,,,,,,,,,,,,,,,
,,"BOND BRIDGE
TWINS
JOY & MEG",,Empoleon,,,,,Granbull,,,,,Volbeat,,,,,Illumise,,,,,Minun,,,,,Plusle,,,
,,,,Highest Lv,,,,,Highest Lv -1,,,,,Highest Lv,,,,,Highest Lv,,,,,Highest Lv,,,,,Highest Lv,,,
,,,,,,,,,,,,,,,,,,,,,,,,,,,,,,,,
,,,,,,,,,,,,,,,,,,,,,,,,,,,,,,,,
,,,,Timid,,,,,Jolly,,,,,Timid,,,,,Jolly,,,,,Jolly,,,,,Timid,,,
,,,,Competitive,,,,,Intimidate,,,,,Illuminate,,,,,Tinted Lens,,,,,Galvanize,,,,,Transistor,,,
,,,,Weakness Pol.,,,,,Assault Vest,,,,,Electrium Z,,,,,Life Orb,,,,,Magnet,,,,,Focus Sash,,,
,,,,Hydro Pump,,,,,Close Combat,,,,,Thunder,,,,,Play Rough,,,,,Extreme Speed,,,,,Thunderbolt,,,
,,,,Ice Beam,,,,,Play Rough,,,,,Bug Buzz,,,,,Lunge,,,,,Knock Off,,,,,Surf,,,
,,,,Flash Cannon,,,,,Flare Blitz,,,,,Water Pulse,,,,,Brick Break,,,,,Facade,,,,,HP Grass,,,
,,,,Grass Knot,,,,,Thunder Punch,,,,,Tail Glow,,,,,Thunder Punch,,,,,Volt Switch,,,,,Volt Switch,,,
,,,,,,,,,,,,,,,,,,,,,,,,,,,,,,,,
,,,,BASE STATS,,,EVs,,BASE STATS,,,EVs,,BASE STATS,,,EVs,,BASE STATS,,,EVs,,BASE STATS,,,EVs,,BASE STATS,,,EVs
,,,,HP,84,,176,,HP,100,,252,,HP,85,,,,HP,85,,,,HP,60,,,,HP,60,,
,,,,ATK,86,,,,ATK,120,,252,,ATK,47,,,,ATK,90,,252,,ATK,85,,252,,ATK,50,,
,,,,DEF,88,,,,DEF,75,,,,DEF,75,,4,,DEF,75,,4,,DEF,75,,4,,DEF,40,,4
,,,,SPA,111,,80,,SPA,60,,,,SPA,90,,252,,SPA,47,,,,SPA,50,,,,SPA,85,,252
,,,,SPD,101,,,,SPD,60,,4,,SPD,85,,,,SPD,85,,,,SPD,40,,,,SPD,75,,
,,,,SPE,60,,252,,SPE,45,,,,SPE,100,,252,,SPE,100,,252,,SPE,110,,252,,SPE,110,,252
,,,,SPEED STAT:,,,240,,SPEED STAT:,,,136,,SPEED STAT:,,,328,,SPEED STAT:,,,328,,SPEED STAT:,,,350,,SPEED STAT:,,,328
,,,,,,,,,,,,,,,,,,,,,,,,,,,,,,,,
,,,,,,,,,,,,,,,,,,,,,,,,,,,,,,,,
,,,,,,,,,,,,,,,,,,,,,,,,,,,,,,,,
,,"BOND BRIDGE
AROMA LADY
VIOLET",,Flapple-Mega,,,,,Arcanine-H,,,,,Excadrill,,,,,Chandelure,,,,,Primarina,,,,,,,,
,,,,Highest Lv,,,,,Highest Lv -1,,,,,Highest Lv,,,,,Highest Lv,,,,,Highest Lv,,,,,,,,
,,,,,,,,,,,,,,,,,,,,,,,,,,,,,,,,
,,,,,,,,,,,,,,,,,,,,,,,,,,,,,,,,
,,,,Naive,,,,,Jolly,,,,,Jolly,,,,,Timid,,,,,Bold,,,,,,,,
,,,,"Gluttony
Dragon's Maw",,,,,Rock Head,,,,,Mold Breaker,,,,,Shadow Tag,,,,,Liquid Voice,,,,,,,,
,,,,Applite,,,,,Rock Gem,,,,,Focus Sash,,,,,Choice Scarf,,,,,Leftovers,,,,,,,,
,,,,Draco Meteor,,,,,Head Smash,,,,,Earthquake,,,,,Flamethrower,,,,,Calm Mind,,,,,,,,
,,,,Grav Apple,,,,,Flare Blitz,,,,,Stone Edge,,,,,Shadow Ball,,,,,Substitute,,,,,,,,
,,,,Sucker Punch,,,,,Accelerock,,,,,Iron Head,,,,,Energy Ball,,,,,Draining Kiss,,,,,,,,
,,,,-,,,,,Close Combat,,,,,Swords Dance,,,,,Scorch. Sands,,,,,Hyper Voice,,,,,,,,
,,,,,,,,,,,,,,,,,,,,,,,,,,,,,,,,
,,,,BASE STATS,,,EVs,,BASE STATS,,,EVs,,BASE STATS,,,EVs,,BASE STATS,,,EVs,,BASE STATS,,,EVs,,,,,
,,,,HP,70,,,,HP,95,,,,HP,110,,,,HP,60,,,,HP,80,,248,,,,,
,,,,ATK,145,,252,,ATK,125,,252,,ATK,135,,252,,ATK,55,,,,ATK,74,,,,,,,
,,,,DEF,90,,,,DEF,80,,4,,DEF,60,,4,,DEF,90,,4,,DEF,74,,252,,,,,
,,,,SPA,135,,4,,SPA,85,,,,SPA,50,,,,SPA,145,,252,,SPA,126,,8,,,,,
,,,,SPD,70,,,,SPD,80,,,,SPD,65,,,,SPD,90,,,,SPD,116,,,,,,,
,,,,SPE,105,,252,,SPE,90,,252,,SPE,88,,252,,SPE,80,,252,,SPE,60,,,,,,,
,,,,SPEED STAT:,,,339,,SPEED STAT:,,,303,,SPEED STAT:,,,302,,SPEED STAT:,,,284,,SPEED STAT:,,,156,,,,,
,,,,,,,,,,,,,,,,,,,CHOI. SCARF:,,,426,,,,,,,,,,
,,,,,,,,,,,,,,,,,,,,,,,,,,,,,,,,
,,,,,,,,,,,,,,,,,,,,,,,,,,,,,,,,
,,,,,,,,,,,,,,,,,,,,,,,,,,,,,,,,
,,"BOND BRIDGE
TUBER
ALEXIS",,Carracosta,,,,,Kingler,,,,,Slowbro-Mega,,,,,Lanturn,,,,,Hydreigon,,,,,,,,
,,,,Highest Lv,,,,,Highest Lv,,,,,Highest Lv,,,,,Highest Lv,,,,,Highest Lv,,,,,,,,
,,,,,,,,,,,,,,,,,,,,,,,,,,,,,,,,
,,,,,,,,,,,,,,,,,,,,,,,,,,,,,,,,
,,,,Jolly,,,,,Jolly,,,,,Bold,,,,,Modest,,,,,Timid,,,,,,,,
,,,,Sturdy,,,,,Sheer Force,,,,,"Regenerator
Shell Armor",,,,,Illuminate,,,,,Levitate,,,,,,,,
,,,,Salac Berry,,,,,Life Orb,,,,,Slowbronite,,,,,Life Orb,,,,,Waterium Z,,,,,,,,
,,,,Shell Smash,,,,,Liquidation,,,,,Iron Defense,,,,,Hydro Pump,,,,,Fire Blast,,,,,,,,
,,,,Aqua Jet,,,,,Swords Dance,,,,,Calm Mind,,,,,Blizzard,,,,,Surf,,,,,,,,
,,,,Waterfall,,,,,Close Combat,,,,,Body Press,,,,,Thunder,,,,,Dark Pulse,,,,,,,,
,,,,Stone Edge,,,,,Aqua Jet,,,,,Shadow Ball,,,,,Volt Switch,,,,,Nasty Plot,,,,,,,,
,,,,,,,,,,,,,,,,,,,,,,,,,,,,,,,,
,,,,BASE STATS,,,EVs,,BASE STATS,,,EVs,,BASE STATS,,,EVs,,BASE STATS,,,EVs,,BASE STATS,,,EVs,,,,,
,,,,HP,74,,,,HP,55,,,,HP,95,,252,,HP,125,,252,,HP,92,,,,,,,
,,,,ATK,108,,252,,ATK,130,,252,,ATK,75,,,,ATK,58,,,,ATK,105,,,,,,,
,,,,DEF,133,,4,,DEF,115,,,,DEF,180,,252,,DEF,58,,4,,DEF,90,,4,,,,,
,,,,SPA,83,,,,SPA,50,,,,SPA,130,,,,SPA,76,,252,,SPA,125,,252,,,,,
,,,,SPD,65,,,,SPD,50,,4,,SPD,80,,4,,SPD,76,,,,SPD,90,,,,,,,
,,,,SPE,32,,252,,SPE,75,,252,,SPE,30,,,,SPE,67,,,,SPE,98,,252,,,,,
,,,,SPEED STAT:,,,179,,SPEED STAT:,,,273,,SPEED STAT:,,,96,,SPEED STAT:,,,170,,SPEED STAT:,,,324,,,,,
,,,,SALAC:,,,268,,,,,,,,,,,,,,,,,,,,,,,,,
,,,,,,,,,,,,,,,,,,,,,,,,,,,,,,,,
,,,,,,,,,,,,,,,,,,,,,,,,,,,,,,,,
,,,,,,,,,,,,,,,,,,,,,,,,,,,,,,,,
,,"BOND BRIDGE
SWIMMER
TISHA",,Pelipper,,,,,Golduck,,,,,Vaporeon,,,,,Jolteon,,,,,Noivern,,,,,,,,
,,,,Highest Lv,,,,,Highest Lv,,,,,Highest Lv,,,,,Highest Lv,,,,,Highest Lv,,,,,,,,
,,,,,,,,,,,,,,,,,,,,,,,,,,,,,,,,
,,,,,,,,,,,,,,,,,,,,,,,,,,,,,,,,
,,,,Bold,,,,,Timid,,,,,Modest,,,,,Timid,,,,,Timid,,,,,,,,
,,,,Drizzle,,,,,Swift Swim,,,,,Hydration,,,,,Volt Absorb,,,,,Infiltrator,,,,,,,,
,,,,Damp Rock,,,,,Psychium Z,,,,,Leftovers,,,,,Ice Gem,,,,,Focus Sash,,,,,,,,
,,,,Scald,,,,,Hydro Pump,,,,,Acid Armor,,,,,Thunder,,,,,Hurricane,,,,,,,,
,,,,Hurricane,,,,,Nasty Plot,,,,,Ice Beam,,,,,Weather Ball,,,,,Boomburst,,,,,,,,
,,,,Ice Beam,,,,,Synchronoise,,,,,Rest,,,,,HP Ice,,,,,Focus Blast,,,,,,,,
,,,,U-Turn,,,,,Ice Beam,,,,,Scald,,,,,Shadow Ball,,,,,Dragon Pulse,,,,,,,,
,,,,,,,,,,,,,,,,,,,,,,,,,,,,,,,,
,,,,BASE STATS,,,EVs,,BASE STATS,,,EVs,,BASE STATS,,,EVs,,BASE STATS,,,EVs,,BASE STATS,,,EVs,,,,,
,,,,HP,60,,248,,HP,80,,,,HP,130,,252,,HP,65,,,,HP,85,,,,,,,
,,,,ATK,50,,,,ATK,82,,,,ATK,65,,,,ATK,65,,,,ATK,70,,,,,,,
,,,,DEF,100,,252,,DEF,78,,,,DEF,60,,,,DEF,60,,4,,DEF,80,,4,,,,,
,,,,SPA,95,,8,,SPA,100,,252,,SPA,110,,252,,SPA,110,,252,,SPA,102,,252,,,,,
,,,,SPD,70,,,,SPD,80,,4,,SPD,95,,4,,SPD,95,,,,SPD,80,,,,,,,
,,,,SPE,65,,,,SPE,100,,252,,SPE,65,,,,SPE,130,,252,,SPE,123,,252,,,,,
,,,,SPEED STAT:,,,166,,SPEED STAT:,,,328,,SPEED STAT:,,,166,,SPEED STAT:,,,394,,SPEED STAT:,,,379,,,,,
,,,,,,,,,SWIFT SWIM:,,,656,,,,,,,,,,,,,,,,,,,,
,,,,,,,,,,,,,,,,,,,,,,,,,,,,,,,,
,,,,,,,,,,,,,,,,,,,,,,,,,,,,,,,,
,,,,,,,,,,,,,,,,,,,,,,,,,,,,,,,,
,,"BOND BRIDGE
TUBER
AMIRA",,Palossand,,,,,Crawdaunt,,,,,Mantine-S,,,,,Swanna,,,,,Whiscash,,,,,,,,
,,,,Highest Lv,,,,,Highest Lv,,,,,Highest Lv,,,,,Highest Lv,,,,,Highest Lv,,,,,,,,
,,,,,,,,,,,,,,,,,,,,,,,,,,,,,,,,
,,,,,,,,,,,,,,,,,,,,,,,,,,,,,,,,
,,,,Bold,,,,,Jolly,,,,,Timid,,,,,Naive,,,,,Jolly,,,,,,,,
,,,,Water Compaction,,,,,Adaptability,,,,,Hydration,,,,,No Guard,,,,,Cash Splash,,,,,,,,
,,,,Leftovers,,,,,Focus Sash,,,,,Poisonium Z,,,,,Flying Gem,,,,,Rindo Berry,,,,,,,,
,,,,Scorch. Sands,,,,,Dragon Dance,,,,,Thunderbolt,,,,,Hydro Pump,,,,,Dragon Dance,,,,,,,,
,,,,Shadow Ball,,,,,Crabhammer,,,,,Sludge Wave,,,,,Hurricane,,,,,Waterfall,,,,,,,,
,,,,Shore Up,,,,,Knock Off,,,,,Ice Beam,,,,,Blizzard,,,,,Earthquake,,,,,,,,
,,,,Stealth Rock,,,,,Close Combat,,,,,Scald,,,,,Aqua Jet,,,,,Zen Headbutt,,,,,,,,
,,,,,,,,,,,,,,,,,,,,,,,,,,,,,,,,
,,,,BASE STATS,,,EVs,,BASE STATS,,,EVs,,BASE STATS,,,EVs,,BASE STATS,,,EVs,,BASE STATS,,,EVs,,,,,
,,,,HP,85,,248,,HP,63,,,,HP,80,,,,HP,75,,,,HP,110,,,,,,,
,,,,ATK,75,,,,ATK,120,,252,,ATK,30,,,,ATK,77,,,,ATK,78,,252,,,,,
,,,,DEF,110,,252,,DEF,85,,,,DEF,70,,,,DEF,63,,4,,DEF,73,,,,,,,
,,,,SPA,100,,8,,SPA,90,,,,SPA,100,,252,,SPA,97,,252,,SPA,76,,,,,,,
,,,,SPD,75,,,,SPD,55,,4,,SPD,120,,4,,SPD,63,,,,SPD,71,,4,,,,,
,,,,SPE,35,,,,SPE,55,,252,,SPE,95,,252,,SPE,108,,252,,SPE,60,,252,,,,,
,,,,SPEED STAT:,,,106,,SPEED STAT:,,,229,,SPEED STAT:,,,317,,SPEED STAT:,,,346,,SPEED STAT:,,,240,,,,,
,,,,,,,,,,,,,,,,,,,,,,,,,,,,,,,,
,,,,,,,,,,,,,,,,,,,,,,,,,,,,,,,,
,,,,,,,,,,,,,,,,,,,,,,,,,,,,,,,,
,,"BOND BRIDGE
AROMA LADY
NIKKI",,Sableye-Mega,,,,,Tangrowth,,,,,Blissey,,,,,Toxapex,,,,,Reuniclus,,,,,Drapion,,,
,,,,Highest Lv,,,,,Highest Lv,,,,,Highest Lv,,,,,Highest Lv,,,,,Highest Lv,,,,,Highest Lv,,,
,,,,,,,,,,,,,,,,,,,,,,,,,,,,,,,,
,,,,,,,,,,,,,,,,,,,,,,,,,,,,,,,,
,,,,Calm,,,,,Timid,,,,,Bold,,,,,Impish,,,,,Modest,,,,,Jolly,,,
,,,,"Prankster
Magic Bounce",,,,,Regenerator,,,,,Natural Cure,,,,,Regenerator,,,,,Regenerator,,,,,Sniper,,,
,,,,Sablenite,,,,,Assault Vest,,,,,Leftovers,,,,,Black Sludge,,,,,Leftovers,,,,,Choice Band,,,
,,,,Recover,,,,,Giga Drain,,,,,Teleport,,,,,Toxic Spikes,,,,,Future Sight,,,,,Wicked Blow,,,
,,,,Toxic,,,,,Earthquake,,,,,Soft-Boiled,,,,,Scald,,,,,Psyshock,,,,,Poison Jab,,,
,,,,Foul Play,,,,,Knock Off,,,,,Seismic Toss,,,,,Knock Off,,,,,Focus Blast,,,,,Earthquake,,,
,,,,Will-O-Wisp,,,,,Focus Blast,,,,,Thunder Wave,,,,,Recover,,,,,Teleport,,,,,Leech Life,,,
,,,,,,,,,,,,,,,,,,,,,,,,,,,,,,,,
,,,,BASE STATS,,,EVs,,BASE STATS,,,EVs,,BASE STATS,,,EVs,,BASE STATS,,,EVs,,BASE STATS,,,EVs,,BASE STATS,,,EVs
,,,,HP,50,,248,,HP,100,,252,,HP,255,,252,,HP,50,,252,,HP,110,,252,,HP,70,,
,,,,ATK,85,,,,ATK,100,,,,ATK,10,,,,ATK,63,,,,ATK,65,,,,ATK,80,,252
,,,,DEF,125,,8,,DEF,125,,252,,DEF,10,,252,,DEF,152,,252,,DEF,75,,4,,DEF,110,,4
,,,,SPA,85,,,,SPA,110,,,,SPA,75,,,,SPA,53,,,,SPA,125,,252,,SPA,60,,
,,,,SPD,115,,252,,SPD,50,,4,,SPD,135,,4,,SPD,142,,4,,SPD,85,,,,SPD,75,,
,,,,SPE,20,,,,SPE,50,,,,SPE,55,,,,SPE,35,,,,SPE,30,,,,SPE,95,,252
,,,,SPEED STAT:,,,76,,SPEED STAT:,,,149,,SPEED STAT:,,,146,,SPEED STAT:,,,106,,SPEED STAT:,,,96,,SPEED STAT:,,,317
,,,,,,,,,,,,,,,,,,,,,,,,,,,,,,,,
,,,,,,,,,,,,,,,,,,,,,,,,,,,,,,,,
,,,,,,,,,,,,,,,,,,,,,,,,,,,,,,,,
,,"BERRY FOREST
GAUNTLET 1
ACE TRAINER
BARRY",,Landorus-T,,,,,Corviknight,,,,,Alakazam,,,,,Kommo-o,,,,,Latias,,,,,Toxtricity-Mega,,,
,,,,Highest Lv,,,,,Highest Lv,,,,,Highest Lv,,,,,Highest Lv,,,,,Highest Lv,,,,,Highest Lv,,,
,,,,,,,,,,,,,,,,,,,,,,,,,,,,,,,,
,,,,,,,,,,,,,,,,,,,,,,,,,,,,,,,,
,,,,Jolly,,,,,Impish,,,,,Timid,,,,,Naive,,,,,Timid,,,,,Timid,,,
,,,,Intimidate,,,,,Pressure,,,,,Magic Guard,,,,,Soundproof,,,,,Levitate,,,,,Punk Rock (Both),,,
,,,,Focus Sash,,,,,Leftovers,,,,,Focus Sash,,,,,Kommonium Z,,,,,Weakness Pol.,,,,,Toxtricitite,,,
,,,,Earthquake,,,,,Bulk Up,,,,,Nasty Plot,,,,,Clanging Scales,,,,,Draco Barrage,,,,,Boomburst,,,
,,,,Stone Edge,,,,,Agility,,,,,Psychic,,,,,Close Combat,,,,,Psyshock,,,,,Overdrive,,,
,,,,Stealth Rock,,,,,Power Trip,,,,,Focus Blast,,,,,Poison Jab,,,,,Surf,,,,,Sludge Wave,,,
,,,,U-Turn,,,,,Roost,,,,,Shadow Ball,,,,,Rock Slide,,,,,Calm Mind,,,,,HP Grass,,,
,,,,,,,,,,,,,,,,,,,,,,,,,,,,,,,,
,,,,BASE STATS,,,EVs,,BASE STATS,,,EVs,,BASE STATS,,,EVs,,BASE STATS,,,EVs,,BASE STATS,,,EVs,,BASE STATS,,,EVs
,,,,HP,89,,,,HP,98,,252,,HP,55,,,,HP,75,,,,HP,80,,,,HP,75,,
,,,,ATK,145,,252,,ATK,87,,,,ATK,50,,,,ATK,110,,252,,ATK,80,,,,ATK,120,,
,,,,DEF,90,,4,,DEF,105,,252,,DEF,45,,4,,DEF,125,,,,DEF,90,,4,,DEF,80,,4
,,,,SPA,105,,,,SPA,53,,,,SPA,135,,252,,SPA,100,,4,,SPA,110,,252,,SPA,155,,252
,,,,SPD,80,,,,SPD,85,,4,,SPD,95,,,,SPD,105,,,,SPD,130,,,,SPD,80,,
,,,,SPE,91,,252,,SPE,67,,,,SPE,120,,252,,SPE,85,,252,,SPE,110,,252,,SPE,111,,252
,,,,SPEED STAT:,,,309,,SPEED STAT:,,,170,,SPEED STAT:,,,372,,SPEED STAT:,,,295,,SPEED STAT:,,,350,,SPEED STAT:,,,353
,,,,,,,,,,,,,,,,,,,SOULBLAZE:,,,442,,,,,,,,,,
,,,,,,,,,,,,,,,,,,,,,,,,,,,,,,,,
,,,,,,,,,,,,,,,,,,,,,,,,,,,,,,,,
,,,,,,,,,,,,,,,,,,,,,,,,,,,,,,,,
,,"BERRY FOREST
GAUNTLET 2
ACE TRAINER
SHARON",,Serperior,,,,,Volcarona,,,,,Zoroark,,,,,Dugtrio,,,,,Absol-Mega,,,,,Mantine-S,,,
,,,,Highest Lv,,,,,Highest Lv,,,,,Highest Lv,,,,,Highest Lv,,,,,Highest Lv,,,,,Highest Lv,,,
,,,,,,,,,,,,,,,,,,,,,,,,,,,,,,,,
,,,,,,,,,,,,,,,,,,,,,,,,,,,,,,,,
,,,,Timid,,,,,Timid,,,,,Timid,,,,,Jolly,,,,,Jolly,,,,,Timid,,,
,,,,Contrary,,,,,Flame Body,,,,,Illusion,,,,,Arena Trap,,,,,"Super Luck
Sharpness",,,,,Storm Drain,,,
,,,,Leftovers,,,,,Leftovers,,,,,Focus Sash,,,,,Groundium Z,,,,,Absolite,,,,,Air Balloon,,,
,,,,Glare,,,,,Quiver Dance,,,,,Dark Hole,,,,,Earthquake,,,,,Night Slash,,,,,Thunderbolt,,,
,,,,Leaf Storm,,,,,Fiery Dance,,,,,Nasty Plot,,,,,Stone Edge,,,,,Psycho Cut,,,,,Sludge Wave,,,
,,,,Substitute,,,,,Bug Buzz,,,,,Sludge Bomb,,,,,Sucker Punch,,,,,Close Combat,,,,,Volt Switch,,,
,,,,Leech Seed,,,,,Roost,,,,,Flamethrower,,,,,Shadow Claw,,,,,Sucker Punch,,,,,HP Grass,,,
,,,,,,,,,,,,,,,,,,,,,,,,,,,,,,,,
,,,,BASE STATS,,,EVs,,BASE STATS,,,EVs,,BASE STATS,,,EVs,,BASE STATS,,,EVs,,BASE STATS,,,EVs,,BASE STATS,,,EVs
,,,,HP,75,,,,HP,85,,252,,HP,60,,,,HP,35,,,,HP,65,,,,HP,80,,
,,,,ATK,75,,,,ATK,60,,,,ATK,105,,,,ATK,100,,252,,ATK,150,,252,,ATK,30,,
,,,,DEF,95,,4,,DEF,65,,,,DEF,60,,4,,DEF,50,,4,,DEF,60,,4,,DEF,70,,4
,,,,SPA,75,,252,,SPA,135,,4,,SPA,120,,252,,SPA,50,,,,SPA,115,,,,SPA,100,,252
,,,,SPD,95,,,,SPD,105,,,,SPD,60,,,,SPD,70,,,,SPD,60,,,,SPD,120,,
,,,,SPE,113,,252,,SPE,100,,252,,SPE,105,,252,,SPE,120,,252,,SPE,115,,252,,SPE,95,,252
,,,,SPEED STAT:,,,357,,SPEED STAT:,,,328,,SPEED STAT:,,,339,,SPEED STAT:,,,372,,SPEED STAT:,,,361,,SPEED STAT:,,,317
,,,,,,,,,,,,,,,,,,,,,,,,,,,,,,,,
,,,,,,,,,,,,,,,,,,,,,,,,,,,,,,,,
,,,,,,,,,,,,,,,,,,,,,,,,,,,,,,,,
,,"BERRY FOREST
GAUNTLET 3
ACE TRAINER
NICK",,Ninetales-A,,,,,Garchomp-Mega,,,,,Dragapult,,,,,Heatran,,,,,Arctozolt,,,,,Zapdos-G,,,
,,,,Highest Lv,,,,,Highest Lv,,,,,Highest Lv,,,,,Highest Lv,,,,,Highest Lv,,,,,Highest Lv,,,
,,,,,,,,,,,,,,,,,,,,,,,,,,,,,,,,
,,,,,,,,,,,,,,,,,,,,,,,,,,,,,,,,
,,,,Timid,,,,,Jolly,,,,,Jolly,,,,,Timid,,,,,Naive,,,,,Jolly,,,
,,,,Snow Warning,,,,,"Sand Veil
Sand Force",,,,,Clear Body,,,,,Flash Fire,,,,,Slush Rush,,,,,Defiant,,,
,,,,Light Clay,,,,,Garchompite,,,,,Weakness Pol.,,,,,Air Balloon,,,,,Ice Gem,,,,,Flyinium Z,,,
,,,,Freeze-Dry,,,,,Swords Dance,,,,,Dragon Dance,,,,,Magma Storm,,,,,Bolt Beak,,,,,Close Combat,,,
,,,,Moonblast,,,,,Earthquake,,,,,Phantom Force,,,,,Earth Power,,,,,Blizzard,,,,,Brave Bird,,,
,,,,Aurora Veil,,,,,Scale Shot,,,,,Dragon Darts,,,,,Flash Cannon,,,,,Freeze-Dry,,,,,U-Turn,,,
,,,,Frost Breath,,,,,Stone Edge,,,,,Fire Blast,,,,,Protect,,,,,Low Kick,,,,,Stom. Tantrum,,,
,,,,,,,,,,,,,,,,,,,,,,,,,,,,,,,,
,,,,BASE STATS,,,EVs,,BASE STATS,,,EVs,,BASE STATS,,,EVs,,BASE STATS,,,EVs,,BASE STATS,,,EVs,,BASE STATS,,,EVs
,,,,HP,73,,252,,HP,108,,,,HP,88,,120,,HP,91,,184,,HP,90,,,,HP,90,,
,,,,ATK,67,,,,ATK,170,,252,,ATK,120,,252,,ATK,90,,,,ATK,100,,200,,ATK,125,,252
,,,,DEF,75,,4,,DEF,105,,4,,DEF,75,,,,DEF,106,,4,,DEF,90,,4,,DEF,90,,4
,,,,SPA,81,,,,SPA,120,,,,SPA,100,,4,,SPA,130,,96,,SPA,90,,76,,SPA,85,,
,,,,SPD,100,,,,SPD,95,,,,SPD,75,,,,SPD,106,,,,SPD,80,,,,SPD,90,,
,,,,SPE,109,,252,,SPE,102,,252,,SPE,142,,132,,SPE,77,,224,,SPE,55,,232,,SPE,100,,252
,,,,SPEED STAT:,,,348,,SPEED STAT:,,,333,,SPEED STAT:,,,388,,SPEED STAT:,,,270,,SPEED STAT:,,,224,,SPEED STAT:,,,328
,,,,,,,,,,,,,,,,,,,,,,,,SLUSH RUSH:,,,448,,,,,
,,,,,,,,,,,,,,,,,,,,,,,,,,,,,,,,
,,,,,,,,,,,,,,,,,,,,,,,,,,,,,,,,
,,,,,,,,,,,,,,,,,,,,,,,,,,,,,,,,
,,"BERRY FOREST
GAUNTLET 4
ACE TRAINER
JANNY",,Pelipper,,,,,Ferrothorn,,,,,Seismitoad,,,,,Articuno-G,,,,,Barraskewda,,,,,Raikou,,,
,,,,Highest Lv,,,,,Highest Lv,,,,,Highest Lv,,,,,Highest Lv,,,,,Highest Lv,,,,,Highest Lv,,,
,,,,,,,,,,,,,,,,,,,,,,,,,,,,,,,,
,,,,,,,,,,,,,,,,,,,,,,,,,,,,,,,,
,,,,Calm,,,,,Impish,,,,,Modest,,,,,Timid,,,,,Adamant,,,,,Timid,,,
,,,,Drizzle,,,,,Iron Barbs,,,,,Swift Swim,,,,,Competitive,,,,,Swift Swim,,,,,Inner Focus,,,
,,,,Damp Rock,,,,,Rocky Helmet,,,,,Life Orb,,,,,Weakness Pol.,,,,,Waterium Z,,,,,Leftovers,,,
,,,,Scald,,,,,Power Whip,,,,,Weather Ball,,,,,Hurricane,,,,,Liquidation,,,,,Calm Mind,,,
,,,,Roost,,,,,Body Press,,,,,Earth Power,,,,,Freezing Glare,,,,,Close Combat,,,,,Thunder,,,
,,,,U-Turn,,,,,Knock Off,,,,,Focus Blast,,,,,Weather Ball,,,,,Aqua Jet,,,,,Weather Ball,,,
,,,,Hurricane,,,,,Thunder Wave,,,,,Surf,,,,,U-Turn,,,,,Flip Turn,,,,,Aura Sphere,,,
,,,,,,,,,,,,,,,,,,,,,,,,,,,,,,,,
,,,,BASE STATS,,,EVs,,BASE STATS,,,EVs,,BASE STATS,,,EVs,,BASE STATS,,,EVs,,BASE STATS,,,EVs,,BASE STATS,,,EVs
,,,,HP,60,,248,,HP,74,,248,,HP,105,,,,HP,90,,,,HP,61,,,,HP,90,,
,,,,ATK,50,,,,ATK,94,,,,ATK,95,,,,ATK,70,,,,ATK,123,,252,,ATK,85,,
,,,,DEF,100,,8,,DEF,131,,252,,DEF,75,,,,DEF,95,,4,,DEF,60,,4,,DEF,75,,4
,,,,SPA,95,,,,SPA,54,,,,SPA,85,,252,,SPA,125,,252,,SPA,60,,,,SPA,115,,252
,,,,SPD,70,,,,SPD,116,,8,,SPD,75,,,,SPD,100,,,,SPD,50,,,,SPD,100,,
,,,,SPE,65,,252,,SPE,20,,,,SPE,74,,252,,SPE,100,,252,,SPE,136,,252,,SPE,115,,252
,,,,SPEED STAT:,,,229,,SPEED STAT:,,,45,,SPEED STAT:,,,247,,SPEED STAT:,,,328,,SPEED STAT:,,,371,,SPEED STAT:,,,361
,,,,,,,,,,,,,,SWIFT SWIM:,,,494,,,,,,,SWIFT SWIM:,,,742,,,,,
,,,,,,,,,,,,,,,,,,,,,,,,,,,,,,,,
,,,,,,,,,,,,,,,,,,,,,,,,,,,,,,,,
,,,,BATTLE EFFECT: OMNI-BOOSTED,,,,,,,,,,,,,,,,,,,,,,,,,,,,
,,,,,,,,,,,,,,,,,,,,,,,,,,,,,,,,
,,"BERRY FOREST
SPIRIT",,Mew,,,,,,,,,,,,,,,,,,,,,,,,,,,,
,,,,100,,,,,,,,,,,,,,,,,,,,,,,,,,,,
,,,,,,,,,,,,,,,,,,,,,,,,,,,,,,,,
,,,,,,,,,,,,,,,,,,,,,,,,,,,,,,,,
,,,,Random,,,,,,,,,,,,,,,,,,,,,,,,,,,,
,,,,Synchronize,,,,,,,,,,,,,,,,,,,,,,,,,,,,
,,,,Lum Berry,,,,,,,,,,,,,,,,,,,,,,,,,,,,
,,,,Cosmic Power,,,,,,,,,,,,,,,,,,,,,,,,,,,,
,,,,Nasty Plot,,,,,,,,,,,,,,,,,,,,,,,,,,,,
,,,,Me First,,,,,,,,,,,,,,,,,,,,,,,,,,,,
,,,,Aura Sphere,,,,,,,,,,,,,,,,,,,,,,,,,,,,
,,,,,,,,,,,,,,,,,,,,,,,,,,,,,,,,
,,,,BASE STATS,,,EVs,,,,,,,,,,,,,,,,,,,,,,,,,
,,,,HP,100,,,,,,,,,,,,,,,,,,,,,,,,,,,
,,,,ATK,100,,,,,,,,,,,,,,,,,,,,,,,,,,,
,,,,DEF,100,,,,,,,,,,,,,,,,,,,,,,,,,,,
,,,,SPA,100,,,,,,,,,,,,,,,,,,,,,,,,,,,
,,,,SPD,100,,,,,,,,,,,,,,,,,,,,,,,,,,,
,,,,SPE,100,,,,,,,,,,,,,,,,,,,,,,,,,,,
,,,,SPEED STAT:,,,"388, 354 or 318",,,,,,,,,,,,,,,,,,,,,,,,,
,,,,,,,,,,,,,,,,,,,,,,,,,,,,,,,,
,,,,,,,,,,,,,,,,,,,,,,,,,,,,,,,,
,,,,,,,,,,,,,,,,,,,,,,,,,,,,,,,,
,,"BERRY FOREST
FINAL BATTLE
GATEKEEPER
OWEN",,Meloetta-Pirouette,,,,,Mew,,,,,Kingler-Mega,,,,,Giratina-O,,,,,Enamorus-T,,,,,Zebstrika-S,,,
,,,,Highest Lv,,,,,Highest Lv,,,,,Highest Lv,,,,,Highest Lv,,,,,Highest Lv,,,,,Highest Lv,,,
,,,,,,,,,,,,,,,,,,,,,,,,,,,,,,,,
,,,,,,,,,,,,,,,,,,,,,,,,,,,,,,,,
,,,,Jolly,,,,,Timid,,,,,Jolly,,,,,Quiet,,,,,Modest,,,,,Timid,,,
,,,,Serene Grace,,,,,Synchronize,,,,,"Hyper Cutter
Tough Claws",,,,,Levitate,,,,,Overcoat,,,,,Illuminate,,,
,,,,Life Orb,,,,,Mewnium Z,,,,,Kinglerite,,,,,Griseous Orb,,,,,Assault Vest,,,,,Life Orb,,,
,,,,U-Turn,,,,,Psychic,,,,,Crabhammer,,,,,Hex,,,,,Moonblast,,,,,Blizzard,,,
,,,,Body Slam,,,,,Flamethrower,,,,,Iron Head,,,,,Draco Meteor,,,,,U-Turn,,,,,Thunder,,,
,,,,Close Combat,,,,,Aura Sphere,,,,,Aqua Jet,,,,,Shadow Sneak,,,,,Focus Blast,,,,,Volt Switch,,,
,,,,Rock Slide,,,,,Ice Beam,,,,,Close Combat,,,,,Thunder Wave,,,,,Psychic,,,,,Freeze-Dry,,,
,,,,,,,,,,,,,,,,,,,,,,,,,,,,,,,,
,,,,BASE STATS,,,EVs,,BASE STATS,,,EVs,,BASE STATS,,,EVs,,BASE STATS,,,EVs,,BASE STATS,,,EVs,,BASE STATS,,,EVs
,,,,HP,100,,,,HP,100,,,,HP,55,,,,HP,150,,244,,HP,74,,252,,HP,75,,
,,,,ATK,128,,252,,ATK,100,,,,ATK,150,,252,,ATK,120,,12,,ATK,115,,,,ATK,70,,
,,,,DEF,90,,4,,DEF,100,,4,,DEF,125,,,,DEF,100,,,,DEF,110,,,,DEF,63,,
,,,,SPA,77,,,,SPA,100,,252,,SPA,50,,,,SPA,120,,252,,SPA,135,,252,,SPA,110,,252
,,,,SPD,77,,,,SPD,100,,,,SPD,70,,,,SPD,100,,,,SPD,100,,4,,SPD,63,,4
,,,,SPE,128,,252,,SPE,100,,252,,SPE,110,,252,,SPE,90,,,,SPE,46,,,,SPE,116,,252
,,,,SPEED STAT:,,,390,,SPEED STAT:,,,328,,SPEED STAT:,,,350,,SPEED STAT:,,,194,,SPEED STAT:,,,128,,SPEED STAT:,,,364